Employee ID,Age,Salary,Experience,Work Hours,Distance From Home,Number of Projects,Performance Rating,Gender,Department,Job Role,Education Level,Marital Status,Job Satisfaction,Attrition
E0001,33,87312,27,48,26,10,4,Male,IT,Executive,PG,Single,Medium,No
E0002,32,78920,1,44,13,6,4,Male,Finance,Tester,UG,Married,Medium,Yes
E0003,58,36807,21,51,25,9,2,Female,Sales,Analyst,UG,Single,High,No
E0004,43,43899,17,44,9,1,3,Female,Sales,Analyst,PG,Single,High,No
E0005,59,87571,4,45,16,2,5,Male,HR,Analyst,UG,Married,Medium,No
E0006,54,48226,4,59,21,5,4,Female,Marketing,Analyst,PG,Married,Medium,Yes
E0007,25,29053,14,48,11,2,3,Female,Marketing,Manager,UG,Married,High,Yes
E0008,55,47446,14,49,11,2,2,Male,HR,Developer,PG,Married,Low,No
E0009,44,87369,22,57,9,1,5,Male,HR,Analyst,PG,Single,Medium,Yes
E0010,24,84858,8,46,13,4,2,Male,IT,Recruiter,UG,Married,Medium,No
E0011,57,68887,21,60,29,7,3,Female,HR,Tester,PG,Single,Medium,Yes
E0012,46,27769,5,51,2,4,4,Male,Sales,Executive,PG,Single,High,No
E0013,38,63397,6,44,20,7,3,Female,Marketing,Recruiter,PG,Married,Low,No
E0014,29,47369,13,43,26,5,1,Female,IT,Analyst,UG,Single,Medium,No
E0015,44,29318,21,43,29,3,5,Female,Finance,Manager,UG,Single,Medium,Yes
E0016,44,69452,19,52,28,1,4,Male,IT,Manager,PG,Single,Medium,Yes
E0017,58,79883,15,42,8,7,3,Male,IT,Analyst,UG,Married,Medium,Yes
E0018,32,38583,8,43,13,8,5,Male,Sales,Tester,PG,Single,Medium,No
E0019,41,67133,8,41,13,10,1,Male,HR,Executive,UG,Married,Medium,Yes
E0020,24,58670,18,55,12,7,4,Female,Marketing,Manager,PG,Single,Low,No
E0021,28,71677,26,42,27,2,3,Female,Finance,Manager,UG,Married,Medium,No
E0022,36,39674,9,54,11,2,2,Male,Finance,Tester,UG,Married,High,Yes
E0023,46,77199,28,46,19,8,1,Female,Sales,Manager,PG,Single,Medium,Yes
E0024,46,94237,30,46,17,1,4,Female,HR,Executive,UG,Single,High,No
E0025,59,71940,20,44,7,2,4,Male,Sales,Tester,UG,Single,High,No
E0026,34,84862,21,41,20,10,2,Female,IT,Recruiter,PG,Single,Low,No
E0027,54,81025,26,55,10,6,1,Female,HR,Manager,PG,Single,Low,No
E0028,51,95968,11,43,14,1,5,Female,Sales,Tester,UG,Single,Medium,No
E0029,31,91278,24,53,5,3,3,Female,HR,Manager,PG,Married,High,No
E0030,42,30381,15,52,24,6,5,Male,Finance,Analyst,PG,Single,Medium,No
E0031,52,85395,11,47,28,2,4,Female,Sales,Recruiter,UG,Single,High,Yes
E0032,35,44399,20,40,22,3,1,Male,Finance,Manager,PG,Married,Medium,No
E0033,43,28558,20,59,24,3,4,Male,Finance,Manager,UG,Married,High,No
E0034,41,89145,25,48,16,6,5,Female,HR,Analyst,PG,Married,Medium,No
E0035,43,76223,19,57,24,3,2,Female,Finance,Manager,PG,Married,High,Yes
E0036,48,42262,4,55,23,1,1,Male,Finance,Recruiter,UG,Single,Low,Yes
E0037,27,61911,1,47,2,5,5,Female,Sales,Tester,UG,Single,Low,No
E0038,29,54983,12,48,3,6,2,Male,IT,Executive,PG,Married,Medium,Yes
E0039,33,67181,15,46,23,3,5,Male,Marketing,Analyst,UG,Single,High,Yes
E0040,58,55856,14,44,17,3,2,Male,Sales,Executive,PG,Single,High,Yes
E0041,30,66833,4,50,26,1,2,Male,Finance,Recruiter,UG,Married,High,No
E0042,51,29460,22,50,3,10,2,Female,Finance,Developer,PG,Married,Medium,No
E0043,41,55787,8,40,5,1,2,Male,IT,Tester,UG,Married,Medium,Yes
E0044,35,32955,8,54,12,8,1,Female,IT,Analyst,UG,Married,Medium,No
E0045,45,63836,18,54,30,5,3,Female,Sales,Recruiter,PG,Single,Low,Yes
E0046,42,39289,27,43,20,8,4,Male,IT,Manager,PG,Single,Low,Yes
E0047,52,31678,14,46,13,4,2,Male,Sales,Manager,PG,Single,Medium,No
E0048,49,85183,8,57,13,10,1,Male,Marketing,Manager,PG,Single,Low,Yes
E0049,30,61867,23,56,5,6,1,Male,Finance,Developer,PG,Single,High,Yes
E0050,54,99169,7,59,1,8,3,Female,Sales,Analyst,UG,Married,Medium,No
E0051,53,34235,27,42,18,4,5,Female,Finance,Developer,UG,Single,Medium,No
E0052,29,63208,10,59,20,1,2,Male,HR,Analyst,UG,Married,Medium,No
E0053,27,39256,11,45,11,4,2,Male,Marketing,Developer,UG,Married,Medium,Yes
E0054,27,25640,11,47,25,5,2,Female,IT,Manager,PG,Married,Low,No
E0055,24,65997,4,53,3,5,4,Female,HR,Tester,UG,Single,Medium,No
E0056,55,57562,24,44,15,7,5,Female,Finance,Tester,UG,Married,High,Yes
E0057,52,31998,16,47,9,10,4,Female,HR,Executive,UG,Single,High,No
E0058,53,76559,16,40,8,8,3,Male,IT,Developer,UG,Single,Medium,Yes
E0059,26,75139,6,60,11,10,3,Female,Sales,Executive,PG,Married,Low,No
E0060,24,99084,29,43,11,5,5,Male,IT,Tester,UG,Single,Low,No
E0061,52,88557,28,54,10,10,1,Female,HR,Manager,UG,Married,High,Yes
E0062,27,74151,25,54,22,8,3,Male,Sales,Developer,PG,Married,High,Yes
E0063,50,33393,12,58,29,6,3,Female,Marketing,Tester,UG,Married,Medium,Yes
E0064,30,26796,26,51,9,3,2,Male,HR,Executive,UG,Single,High,No
E0065,55,42984,27,44,10,8,2,Male,Sales,Manager,UG,Married,High,No
E0066,22,36096,15,44,22,10,4,Male,HR,Manager,PG,Married,Low,Yes
E0067,35,90370,29,47,19,2,4,Male,IT,Executive,UG,Single,Low,Yes
E0068,30,49183,23,54,7,2,4,Female,HR,Manager,PG,Married,High,Yes
E0069,37,88391,17,43,1,5,3,Male,HR,Tester,PG,Married,Low,Yes
E0070,54,58556,4,50,6,10,4,Male,Finance,Tester,PG,Married,High,No
E0071,54,96031,17,58,29,5,1,Male,Sales,Developer,PG,Single,High,No
E0072,24,69147,17,40,12,10,3,Female,Finance,Tester,PG,Married,High,Yes
E0073,25,99133,26,42,2,7,4,Male,HR,Executive,UG,Married,High,Yes
E0074,58,60795,23,57,10,5,4,Female,HR,Manager,PG,Single,Medium,Yes
E0075,48,98393,18,58,26,7,2,Male,Finance,Executive,UG,Married,High,No
E0076,25,45927,19,48,19,10,4,Female,Sales,Developer,UG,Single,Low,No
E0077,29,26528,2,52,21,2,2,Female,IT,Tester,UG,Married,Low,No
E0078,47,92873,20,41,13,10,5,Male,Sales,Tester,UG,Married,Medium,Yes
E0079,32,79956,25,41,6,6,1,Male,Sales,Tester,PG,Single,High,Yes
E0080,34,29387,30,43,22,8,1,Male,Marketing,Recruiter,PG,Married,High,Yes
E0081,26,67216,2,43,21,3,4,Male,Marketing,Developer,UG,Single,Medium,No
E0082,38,63281,3,54,8,10,3,Male,Finance,Recruiter,PG,Single,High,Yes
E0083,23,71872,16,50,6,5,5,Male,IT,Tester,UG,Single,Low,Yes
E0084,43,74617,21,57,6,10,4,Male,Sales,Executive,UG,Married,Medium,Yes
E0085,22,75075,18,53,8,2,3,Female,Marketing,Executive,UG,Single,High,No
E0086,36,79588,5,43,15,2,1,Female,Marketing,Tester,PG,Single,High,No
E0087,27,89454,19,45,27,3,1,Female,Sales,Recruiter,PG,Married,Low,Yes
E0088,47,40764,18,40,19,3,2,Male,Finance,Analyst,PG,Married,High,No
E0089,43,92705,17,56,30,6,2,Female,HR,Analyst,UG,Married,High,No
E0090,58,54515,13,52,21,5,4,Male,Finance,Developer,PG,Single,Medium,Yes
E0091,33,81890,8,43,5,2,2,Male,HR,Executive,UG,Single,High,No
E0092,23,69400,18,40,28,1,4,Female,IT,Analyst,UG,Single,Medium,No
E0093,53,67974,13,48,14,5,5,Male,HR,Recruiter,PG,Single,Medium,Yes
E0094,49,71085,27,60,13,1,4,Female,IT,Executive,PG,Single,High,No
E0095,45,53898,30,57,26,3,5,Male,Finance,Executive,PG,Married,Medium,Yes
E0096,36,86072,14,44,30,3,5,Female,Finance,Analyst,PG,Married,Medium,Yes
E0097,43,64687,5,44,8,6,5,Male,Sales,Executive,PG,Married,Low,No
E0098,29,96104,20,49,23,1,1,Male,Sales,Recruiter,PG,Single,Low,No
E0099,48,51717,10,52,8,2,1,Male,HR,Developer,UG,Single,Medium,Yes
E0100,43,64514,3,50,27,6,1,Female,Finance,Tester,UG,Married,Medium,No
E0101,37,30592,12,46,30,1,2,Female,Finance,Recruiter,UG,Single,Low,No
E0102,27,86143,14,43,26,4,2,Male,IT,Recruiter,PG,Married,Low,Yes
E0103,28,66137,12,46,27,5,4,Male,Marketing,Executive,UG,Married,Low,No
E0104,38,57967,25,45,15,8,5,Male,Sales,Executive,PG,Single,Low,Yes
E0105,60,44127,25,55,16,3,3,Female,Marketing,Developer,UG,Single,Low,Yes
E0106,58,39252,15,44,9,1,5,Female,IT,Executive,UG,Single,Medium,Yes
E0107,49,97807,20,51,10,10,3,Female,Marketing,Executive,UG,Single,Low,Yes
E0108,29,41853,11,47,6,4,2,Female,HR,Tester,PG,Married,Low,Yes
E0109,50,89681,13,59,8,9,2,Male,HR,Manager,PG,Single,Medium,No
E0110,26,76170,26,50,6,5,2,Male,IT,Developer,PG,Married,High,No
E0111,46,72379,13,55,5,4,3,Female,HR,Developer,UG,Single,Medium,No
E0112,29,43129,2,52,11,3,3,Male,IT,Tester,PG,Married,High,No
E0113,30,68703,27,43,19,2,3,Male,IT,Analyst,UG,Single,Low,No
E0114,48,33460,4,53,3,4,4,Male,Sales,Developer,PG,Single,Medium,No
E0115,24,92861,11,49,14,2,1,Female,IT,Analyst,PG,Married,Medium,No
E0116,44,89861,4,55,23,7,3,Male,IT,Developer,UG,Single,Medium,No
E0117,60,76824,8,51,6,5,5,Female,Marketing,Executive,PG,Single,Medium,No
E0118,45,71676,22,55,27,9,2,Male,Finance,Manager,UG,Married,Low,No
E0119,22,64607,30,49,21,6,5,Female,HR,Tester,PG,Single,Low,Yes
E0120,56,54624,22,43,27,9,5,Male,Finance,Developer,UG,Single,High,Yes
E0121,57,56010,15,46,20,9,2,Female,Finance,Manager,PG,Single,High,No
E0122,24,84317,11,55,11,2,4,Male,Finance,Executive,UG,Married,Low,No
E0123,33,85197,15,51,25,8,4,Male,Finance,Tester,UG,Married,High,No
E0124,25,69697,13,48,21,6,4,Female,Sales,Tester,UG,Single,High,No
E0125,43,67135,30,48,5,10,4,Female,Marketing,Executive,PG,Single,High,Yes
E0126,56,57548,9,44,19,8,4,Male,HR,Manager,PG,Married,Medium,Yes
E0127,28,79194,4,59,15,5,3,Female,Marketing,Manager,UG,Married,High,No
E0128,41,58589,20,42,22,7,1,Male,Marketing,Manager,UG,Married,Medium,Yes
E0129,24,33958,2,56,16,1,2,Female,IT,Recruiter,PG,Single,Medium,No
E0130,47,40916,22,42,25,1,4,Male,HR,Recruiter,UG,Single,Low,No
E0131,43,37325,10,60,19,3,2,Female,Sales,Manager,UG,Single,Medium,No
E0132,50,27279,29,47,26,2,3,Female,HR,Tester,UG,Single,Medium,No
E0133,23,59521,8,54,29,2,1,Male,Finance,Analyst,PG,Married,High,No
E0134,36,48922,8,46,30,9,1,Male,Marketing,Executive,UG,Single,Low,Yes
E0135,47,36092,19,41,25,4,1,Male,IT,Recruiter,PG,Married,Medium,No
E0136,36,67765,15,45,12,3,4,Male,HR,Recruiter,UG,Single,High,Yes
E0137,59,88041,19,59,2,7,3,Male,Marketing,Tester,PG,Married,High,Yes
E0138,23,56115,25,59,23,10,2,Male,HR,Analyst,PG,Married,High,Yes
E0139,34,26208,7,60,9,9,3,Female,Finance,Tester,PG,Married,Medium,Yes
E0140,43,39605,19,48,15,10,4,Male,Sales,Tester,PG,Married,Low,Yes
E0141,58,61077,29,54,27,7,3,Female,HR,Executive,UG,Single,Low,Yes
E0142,30,94188,12,43,19,9,2,Female,Finance,Executive,PG,Married,High,No
E0143,52,43909,22,45,22,6,1,Male,Marketing,Executive,UG,Single,Low,No
E0144,57,42742,10,42,21,7,3,Male,Sales,Analyst,PG,Single,Low,Yes
E0145,33,88608,28,48,15,7,4,Female,IT,Tester,PG,Single,Low,No
E0146,48,37170,9,48,15,2,5,Female,HR,Recruiter,PG,Single,High,No
E0147,45,88007,26,58,9,2,1,Female,Finance,Developer,PG,Married,Medium,No
E0148,59,38734,13,56,13,2,3,Female,IT,Tester,PG,Single,Medium,No
E0149,56,71767,25,55,24,2,5,Female,Sales,Tester,UG,Married,High,Yes
E0150,32,72765,25,52,9,1,4,Female,IT,Developer,PG,Single,Low,Yes
E0151,47,36709,29,57,6,8,1,Male,Finance,Executive,PG,Married,High,No
E0152,46,36819,20,47,11,4,1,Female,IT,Manager,UG,Single,Low,No
E0153,43,66266,2,44,14,2,4,Male,HR,Analyst,PG,Single,High,Yes
E0154,40,47777,22,51,23,3,5,Male,HR,Manager,PG,Single,Medium,No
E0155,42,56415,17,43,12,10,3,Female,Sales,Executive,UG,Married,Low,Yes
E0156,51,39016,2,46,1,3,2,Female,Marketing,Tester,PG,Married,Medium,No
E0157,47,95418,30,59,19,4,5,Male,IT,Manager,PG,Married,Medium,Yes
E0158,54,78098,18,40,30,10,5,Female,Finance,Tester,PG,Married,Low,No
E0159,26,72300,6,48,5,8,1,Female,IT,Executive,PG,Married,High,No
E0160,38,28740,8,58,30,5,3,Male,Finance,Manager,PG,Married,High,Yes
E0161,39,36909,22,58,29,5,2,Male,Marketing,Tester,UG,Married,Medium,No
E0162,28,73595,10,53,25,6,2,Female,HR,Analyst,PG,Married,Low,No
E0163,42,95971,1,59,8,7,2,Female,HR,Developer,PG,Single,Medium,Yes
E0164,29,53204,23,53,15,7,5,Female,IT,Analyst,PG,Married,Low,Yes
E0165,22,81732,26,52,18,5,3,Male,Finance,Recruiter,UG,Married,High,No
E0166,31,93116,29,60,13,4,2,Male,IT,Recruiter,PG,Married,High,Yes
E0167,60,89286,20,50,6,10,4,Female,HR,Analyst,UG,Single,Medium,No
E0168,29,70794,24,54,25,4,2,Male,Sales,Manager,UG,Married,Medium,Yes
E0169,33,49882,29,47,27,1,1,Female,Sales,Tester,PG,Single,Medium,No
E0170,29,96557,3,40,13,4,2,Male,Finance,Recruiter,UG,Single,Low,Yes
E0171,31,70011,25,54,6,6,2,Male,HR,Executive,UG,Married,High,Yes
E0172,34,58977,29,50,25,10,4,Male,IT,Recruiter,UG,Single,Medium,No
E0173,38,62489,8,53,18,2,4,Male,Finance,Recruiter,UG,Single,Medium,No
E0174,29,31440,29,47,28,8,3,Female,Marketing,Recruiter,PG,Single,High,Yes
E0175,59,51435,4,56,26,4,4,Female,Sales,Manager,UG,Single,High,Yes
E0176,52,46517,30,55,16,6,3,Female,Marketing,Analyst,UG,Single,Medium,Yes
E0177,35,46169,23,55,10,5,5,Female,Finance,Tester,PG,Married,High,No
E0178,56,54858,20,53,7,3,5,Male,IT,Recruiter,UG,Single,High,No
E0179,22,99745,23,43,21,2,4,Female,Sales,Analyst,UG,Married,High,No
E0180,52,66542,3,53,6,10,2,Female,Finance,Tester,PG,Single,High,Yes
E0181,57,87743,3,51,11,8,5,Female,Marketing,Recruiter,PG,Single,High,No
E0182,24,99685,28,53,1,5,4,Female,Finance,Recruiter,UG,Married,Medium,Yes
E0183,42,68088,30,40,13,9,4,Female,IT,Manager,UG,Single,High,No
E0184,54,56566,14,43,29,7,4,Male,Sales,Executive,PG,Single,Medium,No
E0185,42,93414,25,50,1,8,1,Female,HR,Developer,PG,Married,Low,Yes
E0186,40,58351,10,45,4,10,5,Female,HR,Tester,PG,Single,Medium,Yes
E0187,27,60792,30,51,7,8,2,Male,IT,Executive,UG,Married,Medium,Yes
E0188,53,58976,7,58,3,3,3,Female,IT,Manager,PG,Married,Medium,No
E0189,30,83041,12,55,26,4,4,Male,Sales,Manager,UG,Married,Low,Yes
E0190,46,88300,19,40,25,10,4,Male,Finance,Executive,UG,Single,High,No
E0191,59,95003,16,55,16,7,3,Male,HR,Executive,UG,Single,High,Yes
E0192,36,61354,28,56,15,10,4,Female,Sales,Recruiter,UG,Married,Medium,No
E0193,37,81821,27,45,10,3,1,Female,IT,Executive,UG,Single,High,Yes
E0194,31,71984,28,43,9,9,3,Female,IT,Executive,UG,Single,High,Yes
E0195,35,33825,5,57,23,4,3,Male,Finance,Manager,UG,Single,High,No
E0196,38,28223,6,57,28,10,4,Male,HR,Executive,UG,Single,Low,No
E0197,29,34830,10,43,4,6,3,Female,HR,Tester,PG,Single,Low,Yes
E0198,53,42302,25,51,23,3,3,Male,HR,Manager,PG,Single,High,Yes
E0199,23,76588,20,50,9,10,3,Male,IT,Manager,PG,Married,Medium,No
E0200,55,55851,9,49,23,3,5,Female,Marketing,Manager,PG,Single,High,No
E0201,34,49590,20,56,2,5,4,Male,HR,Developer,UG,Married,Low,Yes
E0202,41,57434,25,49,2,9,1,Female,Sales,Analyst,PG,Single,High,No
E0203,29,50170,17,46,9,5,3,Female,IT,Developer,PG,Married,High,No
E0204,60,25109,8,48,26,8,2,Female,Marketing,Recruiter,UG,Married,High,No
E0205,41,31770,9,42,6,5,1,Female,Marketing,Developer,PG,Single,High,Yes
E0206,52,50721,8,60,1,4,2,Male,Finance,Tester,PG,Single,Low,No
E0207,59,84420,6,43,20,6,3,Male,Finance,Recruiter,UG,Married,High,Yes
E0208,23,94800,30,43,29,1,5,Female,IT,Analyst,PG,Married,Low,No
E0209,48,99605,25,54,7,8,1,Female,IT,Developer,PG,Single,Low,No
E0210,56,78368,16,48,2,8,2,Female,Marketing,Recruiter,PG,Married,High,No
E0211,25,96902,30,49,5,9,1,Male,Finance,Executive,UG,Single,Low,Yes
E0212,30,82483,12,55,8,2,1,Female,Marketing,Analyst,PG,Married,Low,No
E0213,22,41456,11,43,30,10,2,Female,Finance,Developer,PG,Single,Medium,No
E0214,41,53532,18,46,11,2,1,Male,Sales,Tester,UG,Married,Medium,Yes
E0215,43,64408,8,52,30,5,3,Male,Finance,Developer,UG,Married,Low,Yes
E0216,50,81259,16,43,6,5,3,Male,Sales,Manager,UG,Married,Medium,Yes
E0217,33,99971,25,59,26,10,5,Female,Marketing,Manager,UG,Married,Low,No
E0218,31,57803,23,59,14,7,1,Female,Sales,Analyst,PG,Married,High,No
E0219,40,94120,26,40,15,4,2,Male,Marketing,Executive,PG,Single,Low,Yes
E0220,29,62070,11,59,11,6,3,Male,Marketing,Recruiter,UG,Married,Medium,Yes
E0221,52,35019,28,60,9,6,4,Male,HR,Tester,UG,Married,Medium,No
E0222,24,25678,21,40,1,2,2,Female,Finance,Recruiter,PG,Single,Medium,Yes
E0223,43,67676,21,54,26,3,2,Male,Finance,Manager,UG,Single,High,Yes
E0224,26,92726,12,45,21,2,2,Female,Sales,Manager,UG,Married,Low,No
E0225,54,64945,5,58,5,6,4,Female,Marketing,Manager,UG,Married,High,Yes
E0226,50,39381,1,42,12,1,3,Female,HR,Executive,UG,Married,Medium,No
E0227,33,63057,18,60,16,6,5,Male,Finance,Analyst,PG,Single,Medium,No
E0228,35,42225,25,58,16,7,1,Male,Marketing,Manager,UG,Single,Medium,No
E0229,58,68317,18,42,4,7,2,Male,Finance,Analyst,PG,Married,Medium,No
E0230,30,86800,3,50,7,7,1,Female,Sales,Developer,PG,Single,Medium,No
E0231,40,89842,24,47,28,10,1,Female,IT,Manager,UG,Single,Low,No
E0232,33,27256,20,53,7,3,1,Female,HR,Analyst,UG,Single,Low,No
E0233,32,32276,18,58,4,2,4,Male,Marketing,Executive,UG,Married,Low,No
E0234,59,29078,22,40,23,4,4,Male,Finance,Manager,PG,Married,Medium,No
E0235,34,68455,9,50,3,4,1,Female,Finance,Tester,PG,Married,Medium,No
E0236,50,38691,19,60,23,10,2,Female,Marketing,Manager,UG,Single,Low,No
E0237,42,34079,10,56,7,6,3,Female,Sales,Tester,UG,Married,Medium,No
E0238,22,25569,4,54,1,5,2,Male,IT,Executive,UG,Single,Low,No
E0239,57,28021,17,55,20,1,4,Male,IT,Recruiter,PG,Single,Medium,No
E0240,35,89687,21,60,17,10,4,Male,IT,Analyst,UG,Married,Low,Yes
E0241,45,71973,17,51,3,10,4,Male,Marketing,Recruiter,PG,Single,Medium,Yes
E0242,52,59213,25,48,6,7,3,Female,Finance,Developer,PG,Married,Low,Yes
E0243,24,43176,7,56,7,1,2,Female,IT,Manager,UG,Single,Low,No
E0244,55,48420,22,50,7,5,4,Female,Marketing,Developer,PG,Married,Medium,No
E0245,38,43959,24,54,30,9,3,Male,Finance,Manager,UG,Married,Low,No
E0246,25,99596,7,49,15,4,2,Male,Finance,Tester,PG,Single,High,No
E0247,47,35005,19,54,26,4,2,Female,Marketing,Tester,PG,Married,High,Yes
E0248,23,84888,29,41,21,2,4,Female,Sales,Executive,UG,Married,Medium,Yes
E0249,50,81854,1,47,8,10,3,Female,HR,Developer,PG,Married,Medium,Yes
E0250,38,89926,5,43,15,6,1,Female,Finance,Recruiter,UG,Married,Low,No
E0251,41,64704,8,43,1,10,5,Male,Marketing,Analyst,UG,Married,Low,No
E0252,24,60984,13,54,21,10,4,Female,IT,Tester,UG,Single,Medium,Yes
E0253,42,91493,1,55,16,8,1,Male,Marketing,Analyst,PG,Married,Medium,No
E0254,49,92770,20,42,27,3,3,Female,HR,Recruiter,PG,Married,Medium,Yes
E0255,38,67653,10,41,18,5,3,Male,IT,Analyst,UG,Single,High,Yes
E0256,54,25723,16,48,18,8,5,Female,Sales,Analyst,PG,Married,Medium,No
E0257,36,90386,30,42,28,7,4,Female,Finance,Analyst,UG,Single,Low,Yes
E0258,51,63468,26,54,29,7,3,Female,Finance,Executive,PG,Single,Low,Yes
E0259,42,87627,16,49,23,4,3,Male,Sales,Recruiter,PG,Single,Low,Yes
E0260,54,30295,12,49,16,1,3,Female,Finance,Manager,UG,Single,Low,No
E0261,43,28611,14,58,23,1,2,Female,IT,Tester,PG,Single,Low,No
E0262,56,85688,18,49,13,9,4,Female,Finance,Recruiter,UG,Single,High,No
E0263,29,45571,23,56,1,1,5,Male,IT,Executive,UG,Married,High,No
E0264,46,78833,8,47,3,9,5,Male,IT,Developer,UG,Married,Low,Yes
E0265,22,69136,5,60,9,9,5,Female,Marketing,Manager,PG,Married,Low,No
E0266,57,43371,9,45,22,9,2,Male,Sales,Analyst,UG,Married,High,No
E0267,42,67777,30,58,11,9,5,Female,Finance,Developer,UG,Single,High,Yes
E0268,48,30703,19,56,25,8,4,Male,IT,Manager,PG,Single,High,No
E0269,31,38008,23,54,23,4,4,Female,Sales,Recruiter,UG,Married,High,No
E0270,25,27772,3,56,12,3,5,Male,Finance,Recruiter,PG,Single,Low,Yes
E0271,41,54639,7,43,18,6,3,Female,HR,Developer,UG,Single,Low,Yes
E0272,35,57387,24,60,17,9,1,Male,Finance,Analyst,UG,Married,High,Yes
E0273,43,46516,23,45,19,5,2,Male,IT,Tester,PG,Married,High,Yes
E0274,40,26685,11,54,11,3,3,Male,Sales,Executive,PG,Married,Medium,No
E0275,30,48552,6,50,2,10,2,Male,IT,Analyst,PG,Married,High,No
E0276,33,60096,18,51,1,5,2,Male,Finance,Analyst,PG,Married,Low,No
E0277,39,83188,7,60,29,7,4,Male,Sales,Recruiter,UG,Single,Low,No
E0278,30,62525,17,43,11,5,5,Female,Finance,Analyst,UG,Single,Low,No
E0279,22,47595,4,47,3,1,4,Female,HR,Recruiter,UG,Married,High,No
E0280,38,28878,3,52,23,7,2,Male,HR,Recruiter,UG,Married,High,No
E0281,54,27172,3,44,10,1,3,Female,Finance,Recruiter,PG,Married,High,No
E0282,51,37905,28,40,20,2,4,Male,Marketing,Recruiter,PG,Single,High,Yes
E0283,40,41901,23,44,18,4,4,Male,Marketing,Tester,PG,Married,High,No
E0284,26,41486,20,41,3,1,2,Female,Marketing,Executive,PG,Single,High,No
E0285,49,98700,28,59,30,10,1,Male,Marketing,Manager,UG,Married,Low,No
E0286,24,62345,7,42,26,2,5,Male,IT,Executive,UG,Married,High,Yes
E0287,24,84606,26,55,28,6,4,Female,Finance,Manager,PG,Single,Medium,Yes
E0288,47,52281,18,42,27,4,2,Male,IT,Tester,PG,Married,High,Yes
E0289,31,92770,23,56,10,10,2,Male,HR,Tester,UG,Single,Medium,Yes
E0290,47,59250,22,40,4,1,3,Female,Finance,Tester,PG,Single,High,No
E0291,46,64326,3,46,14,8,2,Male,Marketing,Recruiter,PG,Married,High,No
E0292,41,76275,8,54,12,10,5,Male,Finance,Analyst,PG,Married,Low,No
E0293,26,70258,23,44,14,1,4,Male,Finance,Tester,UG,Single,High,Yes
E0294,27,50378,24,48,11,7,1,Male,IT,Analyst,PG,Married,Low,Yes
E0295,44,78983,29,55,10,4,2,Male,Sales,Executive,UG,Single,High,Yes
E0296,56,54969,13,40,2,10,5,Female,Marketing,Manager,UG,Single,Low,Yes
E0297,37,58025,9,45,2,8,5,Male,HR,Manager,UG,Single,Medium,No
E0298,39,29454,21,54,15,7,4,Male,IT,Recruiter,UG,Single,Low,Yes
E0299,50,69643,22,52,26,9,3,Male,IT,Developer,UG,Single,Medium,No
E0300,60,53891,16,43,28,9,4,Female,Sales,Analyst,PG,Single,Low,No
E0301,40,45110,3,54,16,8,2,Female,IT,Tester,PG,Married,High,No
E0302,37,32861,11,56,10,9,2,Female,Finance,Manager,UG,Single,Medium,Yes
E0303,60,31241,30,57,16,2,1,Female,Marketing,Developer,UG,Single,Medium,No
E0304,38,80138,20,44,3,3,1,Female,Marketing,Developer,PG,Married,Medium,Yes
E0305,55,76837,5,58,14,1,1,Male,Marketing,Tester,PG,Single,Medium,Yes
E0306,34,91942,12,41,27,5,1,Male,IT,Tester,PG,Single,Medium,No
E0307,30,77697,26,40,12,6,1,Female,Marketing,Developer,UG,Single,Medium,No
E0308,42,27661,2,47,18,3,2,Female,HR,Developer,UG,Single,Medium,No
E0309,57,55184,18,44,14,2,2,Female,Sales,Manager,PG,Single,High,Yes
E0310,33,49070,19,44,23,3,3,Male,HR,Analyst,UG,Married,High,No
E0311,37,86991,9,57,16,3,5,Male,Sales,Recruiter,PG,Married,Medium,Yes
E0312,54,95204,11,46,23,10,2,Male,IT,Tester,UG,Single,Low,No
E0313,51,29467,19,42,7,7,3,Female,Finance,Developer,UG,Married,Low,No
E0314,60,36586,6,47,19,9,4,Female,Sales,Executive,PG,Single,Medium,No
E0315,60,58045,14,53,18,3,2,Male,Sales,Developer,UG,Married,Low,Yes
E0316,47,64992,12,45,28,9,2,Male,Marketing,Analyst,UG,Married,Low,No
E0317,55,36901,13,40,20,10,5,Male,Sales,Developer,PG,Single,High,No
E0318,33,37411,29,48,25,10,3,Female,Marketing,Manager,PG,Married,High,No
E0319,36,99589,11,41,30,1,2,Male,HR,Tester,PG,Single,Medium,Yes
E0320,23,26516,20,56,9,2,1,Female,Finance,Analyst,UG,Single,Low,No
E0321,44,75494,1,51,6,9,3,Male,HR,Recruiter,UG,Single,Low,Yes
E0322,39,77075,11,57,16,2,3,Male,Sales,Analyst,PG,Married,Low,Yes
E0323,54,52934,7,50,15,8,3,Male,Finance,Manager,UG,Married,High,Yes
E0324,41,29937,21,43,7,1,1,Female,Sales,Executive,UG,Married,Low,Yes
E0325,51,63001,21,56,14,3,1,Female,Marketing,Executive,PG,Married,Medium,Yes
E0326,56,53430,19,51,24,4,5,Female,Finance,Analyst,UG,Married,High,Yes
E0327,54,46023,20,42,22,1,1,Male,Sales,Executive,PG,Married,Medium,No
E0328,46,93161,28,48,29,1,5,Male,Sales,Executive,UG,Married,Low,No
E0329,31,95260,23,57,11,7,1,Female,IT,Executive,PG,Married,Medium,No
E0330,33,94862,25,52,16,4,4,Male,Sales,Developer,PG,Single,Low,Yes
E0331,23,83696,29,46,12,3,4,Male,Marketing,Analyst,PG,Married,Low,Yes
E0332,43,97933,5,60,4,7,3,Female,Sales,Tester,UG,Single,Low,Yes
E0333,39,50065,19,46,3,6,1,Male,Sales,Tester,UG,Married,Medium,Yes
E0334,55,44657,24,49,30,4,1,Male,Finance,Analyst,PG,Married,High,No
E0335,31,37273,10,41,24,7,3,Female,HR,Recruiter,UG,Single,Medium,Yes
E0336,48,49771,15,48,25,10,1,Male,Marketing,Manager,UG,Single,High,Yes
E0337,26,40747,14,55,10,5,5,Male,IT,Analyst,PG,Single,High,No
E0338,29,52743,7,59,3,8,4,Female,Finance,Recruiter,UG,Married,Low,Yes
E0339,31,40617,11,40,23,7,2,Male,IT,Executive,PG,Married,High,No
E0340,49,66904,2,40,12,3,1,Female,IT,Executive,PG,Married,Low,No
E0341,53,84822,12,41,28,5,3,Male,Finance,Developer,UG,Single,Medium,Yes
E0342,52,78735,7,55,30,3,1,Male,Marketing,Executive,PG,Married,High,No
E0343,57,39538,6,57,13,4,4,Female,Sales,Recruiter,UG,Married,High,Yes
E0344,29,82173,18,50,22,1,1,Female,Sales,Recruiter,UG,Single,Low,Yes
E0345,33,51436,4,56,14,5,3,Male,HR,Executive,PG,Married,High,No
E0346,38,39032,23,53,30,10,5,Male,Sales,Manager,UG,Married,Medium,Yes
E0347,40,81491,14,44,3,1,4,Female,Marketing,Recruiter,UG,Married,Medium,Yes
E0348,47,83218,18,46,3,5,1,Male,IT,Tester,PG,Single,Medium,Yes
E0349,22,60781,9,51,2,5,3,Male,Sales,Tester,UG,Single,Low,No
E0350,50,63722,21,46,25,7,4,Male,Marketing,Analyst,UG,Single,High,No
E0351,35,53257,13,45,6,5,4,Female,Finance,Developer,UG,Married,Low,No
E0352,35,37022,25,57,2,2,3,Female,Finance,Developer,PG,Married,Medium,Yes
E0353,35,59419,13,45,23,3,5,Female,IT,Manager,PG,Married,Low,Yes
E0354,24,70161,14,59,19,8,4,Male,Sales,Analyst,PG,Married,Low,Yes
E0355,54,55948,18,58,3,1,4,Female,Finance,Developer,PG,Married,Medium,Yes
E0356,22,69200,9,47,27,5,5,Male,HR,Manager,PG,Single,Medium,No
E0357,24,28014,15,53,3,9,1,Female,Marketing,Tester,PG,Single,High,Yes
E0358,54,56981,8,46,24,4,5,Female,Sales,Tester,UG,Single,Medium,Yes
E0359,35,28040,11,53,18,2,4,Male,IT,Developer,PG,Single,Medium,Yes
E0360,45,36301,1,60,13,4,1,Female,Sales,Recruiter,PG,Single,Low,No
E0361,24,40728,27,53,27,6,3,Male,Marketing,Tester,UG,Single,Low,No
E0362,31,38672,23,45,3,6,5,Female,Marketing,Tester,UG,Married,Low,No
E0363,59,65586,11,48,11,6,4,Female,Finance,Executive,UG,Married,High,No
E0364,33,52578,22,59,20,9,3,Female,HR,Executive,UG,Married,Low,No
E0365,53,34961,23,43,19,8,3,Female,HR,Manager,PG,Single,Low,No
E0366,49,63627,13,42,18,10,2,Male,IT,Tester,PG,Single,High,Yes
E0367,27,38664,7,52,20,7,3,Male,HR,Executive,PG,Single,Medium,No
E0368,27,56526,29,47,22,9,4,Female,Finance,Executive,UG,Married,High,Yes
E0369,58,76509,13,54,7,3,4,Male,Finance,Analyst,UG,Married,Medium,Yes
E0370,39,59516,9,58,15,8,2,Female,Marketing,Tester,PG,Married,High,No
E0371,60,29185,25,56,20,8,2,Female,HR,Tester,UG,Married,Low,Yes
E0372,39,49371,18,51,12,4,4,Female,Sales,Manager,UG,Single,High,No
E0373,39,60242,15,49,16,9,3,Female,Marketing,Recruiter,UG,Married,Low,No
E0374,25,54904,21,48,11,3,4,Male,Sales,Manager,UG,Single,High,No
E0375,45,35099,11,46,29,10,2,Male,Sales,Manager,UG,Married,Medium,No
E0376,24,30557,4,43,23,9,2,Female,IT,Recruiter,UG,Married,Medium,Yes
E0377,38,52613,9,51,1,7,1,Female,Finance,Recruiter,UG,Married,Medium,Yes
E0378,38,88869,3,46,2,2,3,Male,Marketing,Developer,UG,Single,Medium,No
E0379,46,99656,20,58,27,2,3,Male,Sales,Analyst,UG,Married,Medium,Yes
E0380,39,70148,1,48,11,1,4,Male,HR,Tester,UG,Single,High,No
E0381,46,44751,13,41,9,8,5,Female,Marketing,Manager,UG,Single,High,No
E0382,28,62396,2,54,2,2,4,Male,Finance,Recruiter,UG,Married,Low,Yes
E0383,54,39541,19,51,1,2,4,Male,Finance,Recruiter,UG,Married,Low,Yes
E0384,58,40422,10,59,26,3,3,Male,Sales,Manager,PG,Married,High,Yes
E0385,31,74688,24,49,19,3,4,Female,IT,Tester,UG,Single,High,Yes
E0386,52,54074,12,60,18,4,5,Female,Marketing,Executive,UG,Single,Low,Yes
E0387,29,97110,9,58,25,2,3,Male,Finance,Executive,UG,Married,Medium,No
E0388,39,65985,7,46,23,10,1,Male,Finance,Analyst,UG,Married,High,Yes
E0389,55,50899,19,60,1,10,2,Male,Finance,Manager,UG,Married,Medium,Yes
E0390,22,88733,8,57,5,1,1,Female,Marketing,Recruiter,UG,Single,High,Yes
E0391,39,58963,6,48,3,3,5,Male,Marketing,Recruiter,PG,Single,Medium,No
E0392,30,82898,29,47,1,6,5,Female,Marketing,Manager,PG,Single,High,Yes
E0393,53,93148,13,47,7,3,3,Female,Marketing,Executive,PG,Single,Medium,No
E0394,43,29091,2,51,19,2,1,Female,IT,Manager,UG,Single,Medium,No
E0395,52,39575,13,43,22,2,4,Female,Finance,Analyst,PG,Married,Medium,Yes
E0396,49,79255,13,56,30,6,1,Male,Marketing,Tester,PG,Single,High,Yes
E0397,58,36520,12,60,5,2,4,Male,HR,Executive,UG,Single,Medium,Yes
E0398,47,85672,24,52,26,4,3,Male,Marketing,Manager,PG,Single,Low,No
E0399,57,90423,18,47,19,9,1,Female,Marketing,Recruiter,PG,Single,Medium,No
E0400,42,65094,2,46,30,3,2,Female,Sales,Manager,PG,Single,Medium,No
E0401,23,63601,9,40,17,9,5,Female,HR,Executive,PG,Married,Medium,Yes
E0402,47,94710,22,50,27,6,5,Male,Sales,Developer,UG,Married,Low,No
E0403,58,68150,20,59,3,3,5,Male,Finance,Tester,UG,Single,Medium,Yes
E0404,53,35249,26,40,17,6,4,Female,IT,Analyst,UG,Married,Low,Yes
E0405,59,39847,30,56,6,2,4,Female,HR,Recruiter,UG,Married,Low,Yes
E0406,27,90280,18,44,17,2,1,Male,IT,Analyst,UG,Married,Low,No
E0407,35,35095,29,59,28,5,2,Female,HR,Recruiter,PG,Single,Medium,No
E0408,29,93210,15,57,30,2,2,Female,Marketing,Analyst,UG,Single,High,No
E0409,37,89005,10,52,24,3,1,Male,HR,Recruiter,PG,Married,Medium,Yes
E0410,30,45496,11,46,24,8,4,Female,Marketing,Analyst,UG,Single,Medium,No
E0411,22,48289,18,60,10,8,4,Male,Sales,Developer,UG,Single,Low,Yes
E0412,32,87435,15,57,27,2,2,Female,Marketing,Recruiter,UG,Single,Medium,No
E0413,53,25749,16,40,22,2,3,Female,Sales,Analyst,PG,Single,High,Yes
E0414,54,76984,16,55,14,3,2,Female,HR,Executive,UG,Single,Low,Yes
E0415,48,36445,22,54,4,5,3,Male,Marketing,Manager,UG,Married,Medium,Yes
E0416,41,68446,18,54,13,9,3,Male,HR,Tester,UG,Married,High,Yes
E0417,57,60025,17,41,3,3,2,Female,Finance,Analyst,UG,Married,Low,No
E0418,37,81451,21,53,23,9,4,Male,HR,Developer,PG,Married,Low,No
E0419,30,92372,28,51,3,5,2,Female,Finance,Executive,PG,Single,High,No
E0420,32,98051,2,50,1,2,1,Female,Sales,Recruiter,PG,Single,High,Yes
E0421,46,90161,3,40,22,3,3,Male,IT,Executive,UG,Married,Low,Yes
E0422,39,31097,8,50,14,2,4,Female,Marketing,Developer,PG,Married,Medium,Yes
E0423,27,90046,28,54,30,7,2,Female,Marketing,Executive,UG,Single,Low,No
E0424,46,44728,18,42,1,1,1,Female,Finance,Recruiter,UG,Single,High,Yes
E0425,24,54754,19,49,27,9,1,Female,Sales,Tester,UG,Single,High,No
E0426,54,67309,10,55,8,8,3,Female,IT,Recruiter,UG,Single,Low,Yes
E0427,49,52358,11,42,8,9,3,Male,HR,Executive,PG,Single,Medium,No
E0428,59,76012,20,47,7,4,5,Male,HR,Executive,PG,Married,Low,Yes
E0429,52,75597,30,53,8,5,1,Male,HR,Manager,UG,Married,High,No
E0430,50,79868,7,52,3,4,4,Male,IT,Developer,UG,Married,Medium,No
E0431,54,32576,9,50,4,4,5,Male,HR,Recruiter,UG,Married,Low,Yes
E0432,41,66289,17,56,3,4,2,Male,Sales,Recruiter,UG,Married,Low,No
E0433,32,56155,25,56,15,7,3,Female,HR,Manager,PG,Single,Low,No
E0434,25,77408,17,52,4,5,1,Male,IT,Analyst,PG,Married,Medium,Yes
E0435,50,40874,3,56,10,10,5,Male,HR,Recruiter,PG,Single,Low,No
E0436,49,66118,6,43,21,10,5,Female,Sales,Recruiter,PG,Single,Medium,No
E0437,47,66263,17,50,6,2,5,Male,Marketing,Executive,UG,Single,Medium,No
E0438,40,74470,22,50,4,9,3,Male,Sales,Developer,UG,Married,Medium,No
E0439,59,54196,28,60,24,3,2,Female,Finance,Recruiter,UG,Single,Low,No
E0440,42,69057,24,51,20,1,2,Male,Sales,Manager,UG,Single,High,No
E0441,53,31568,28,54,9,6,2,Male,Sales,Executive,UG,Married,High,No
E0442,27,50220,16,47,1,2,5,Female,Sales,Recruiter,PG,Married,Medium,Yes
E0443,40,56656,7,52,22,9,3,Female,Finance,Analyst,UG,Single,Medium,No
E0444,41,61075,2,58,26,6,4,Female,Sales,Developer,UG,Married,Low,No
E0445,26,57184,27,48,23,2,1,Male,IT,Developer,UG,Single,High,No
E0446,27,80228,19,55,10,9,4,Male,Marketing,Executive,UG,Married,Low,No
E0447,46,60416,8,40,30,10,4,Female,Finance,Tester,PG,Married,Low,Yes
E0448,47,88294,19,60,1,7,5,Male,Sales,Manager,PG,Single,Medium,No
E0449,43,82096,26,59,24,10,5,Female,IT,Tester,UG,Married,Low,Yes
E0450,37,26595,24,53,26,6,3,Female,Marketing,Analyst,UG,Married,Low,No
E0451,44,27208,16,52,3,9,1,Male,Finance,Recruiter,UG,Married,Medium,No
E0452,55,70373,16,49,17,8,2,Male,Finance,Recruiter,UG,Single,High,No
E0453,25,89447,21,54,29,8,4,Male,Sales,Recruiter,PG,Single,High,No
E0454,59,50983,25,52,17,10,1,Female,Finance,Tester,PG,Single,Low,Yes
E0455,23,63231,27,47,20,9,5,Male,Marketing,Executive,PG,Single,Low,Yes
E0456,26,89590,24,43,13,1,5,Female,HR,Manager,PG,Married,High,Yes
E0457,39,38684,7,48,5,6,1,Male,Sales,Tester,UG,Single,Low,No
E0458,31,84161,6,48,2,6,3,Male,IT,Developer,UG,Married,High,No
E0459,32,74930,29,57,30,8,5,Female,HR,Manager,UG,Married,Low,Yes
E0460,55,39512,23,55,16,7,4,Female,IT,Developer,PG,Single,Medium,Yes
E0461,35,41985,4,55,24,2,3,Female,IT,Manager,PG,Single,High,Yes
E0462,34,52434,15,43,21,6,2,Female,IT,Recruiter,UG,Married,High,No
E0463,58,82870,12,51,7,7,2,Female,HR,Recruiter,PG,Single,Medium,No
E0464,29,47753,12,42,19,1,2,Male,IT,Developer,PG,Single,High,No
E0465,31,25178,21,53,9,6,3,Female,Marketing,Recruiter,UG,Married,Medium,No
E0466,33,79506,8,56,14,5,3,Female,IT,Executive,UG,Single,Low,No
E0467,28,38813,8,40,12,10,2,Female,Sales,Recruiter,UG,Married,Low,Yes
E0468,47,51595,14,60,8,8,1,Female,Marketing,Executive,PG,Married,Low,No
E0469,42,31563,28,48,10,8,1,Female,Finance,Developer,PG,Single,Low,Yes
E0470,29,26118,4,47,11,10,1,Female,HR,Analyst,PG,Single,Medium,Yes
E0471,36,46331,21,45,3,9,3,Female,IT,Recruiter,UG,Single,Low,No
E0472,58,44176,13,52,26,1,1,Female,IT,Manager,PG,Single,High,No
E0473,48,44735,7,53,28,9,3,Male,HR,Executive,UG,Single,Low,No
E0474,26,60345,16,54,20,8,1,Male,Sales,Recruiter,UG,Married,Medium,Yes
E0475,28,74547,10,47,9,7,4,Male,Sales,Developer,PG,Single,Low,Yes
E0476,22,71185,5,41,17,3,5,Male,HR,Analyst,PG,Single,High,Yes
E0477,22,55242,25,43,22,7,4,Male,Sales,Developer,UG,Married,Medium,No
E0478,25,36972,10,41,24,9,1,Male,IT,Executive,UG,Single,Medium,No
E0479,36,57420,15,46,25,6,4,Female,IT,Developer,PG,Married,High,Yes
E0480,55,84075,15,48,30,7,3,Female,Marketing,Developer,PG,Married,Low,Yes
E0481,32,95312,28,54,16,6,5,Male,Marketing,Developer,UG,Single,Medium,Yes
E0482,48,99765,1,45,9,4,3,Female,Marketing,Tester,PG,Married,Medium,No
E0483,43,88861,2,58,19,1,3,Female,IT,Developer,PG,Single,High,No
E0484,33,69140,24,58,22,6,2,Male,HR,Executive,PG,Married,High,No
E0485,60,63902,18,48,15,8,3,Male,HR,Analyst,PG,Married,Low,Yes
E0486,36,81804,22,46,15,6,5,Female,Finance,Executive,UG,Married,Low,No
E0487,43,29947,16,52,1,3,4,Male,Sales,Recruiter,PG,Married,High,No
E0488,31,73771,29,47,23,5,5,Male,Sales,Developer,UG,Single,High,Yes
E0489,51,70032,20,47,6,3,1,Male,IT,Manager,PG,Married,Medium,Yes
E0490,45,83652,8,40,2,9,4,Male,Marketing,Tester,UG,Married,High,Yes
E0491,26,44427,5,43,14,6,2,Female,Sales,Recruiter,PG,Single,Medium,Yes
E0492,31,44379,21,48,25,3,1,Male,HR,Tester,UG,Single,High,Yes
E0493,31,61749,18,43,26,1,3,Female,IT,Recruiter,PG,Single,Medium,No
E0494,22,96097,9,45,1,6,1,Male,Marketing,Executive,PG,Single,High,Yes
E0495,27,74965,16,49,21,5,5,Male,Finance,Developer,PG,Single,Low,Yes
E0496,57,29862,27,59,24,6,4,Female,Finance,Tester,PG,Married,High,No
E0497,59,89355,4,49,16,5,1,Female,Finance,Analyst,UG,Single,High,No
E0498,24,99434,30,60,17,8,4,Male,Finance,Manager,UG,Single,High,Yes
E0499,23,72496,2,57,11,9,2,Male,Sales,Analyst,PG,Single,Low,Yes
E0500,35,93288,1,48,9,5,2,Female,HR,Analyst,UG,Single,Medium,Yes
E0501,28,28807,17,53,16,5,3,Male,IT,Developer,PG,Single,High,Yes
E0502,50,57761,27,50,4,4,3,Male,Marketing,Executive,UG,Married,Low,Yes
E0503,57,64438,14,56,12,7,3,Male,HR,Manager,UG,Single,High,Yes
E0504,39,42576,11,57,18,3,2,Female,IT,Developer,UG,Single,High,Yes
E0505,40,89417,21,41,20,2,4,Female,Finance,Recruiter,UG,Single,High,No
E0506,42,29005,7,57,4,7,4,Female,Marketing,Analyst,PG,Married,High,No
E0507,37,68534,25,55,14,3,2,Male,Marketing,Analyst,UG,Single,High,No
E0508,39,63436,29,42,12,10,1,Female,HR,Developer,UG,Single,Medium,Yes
E0509,52,76383,5,43,24,5,4,Male,IT,Tester,PG,Single,Low,No
E0510,44,64197,19,52,5,6,5,Female,Sales,Tester,UG,Married,Low,Yes
E0511,45,60255,8,43,19,7,1,Male,IT,Developer,PG,Single,High,Yes
E0512,44,28191,4,49,24,6,4,Female,Finance,Developer,UG,Single,Low,Yes
E0513,41,82582,4,44,5,9,2,Male,Finance,Tester,UG,Married,Medium,No
E0514,53,35976,21,59,12,4,5,Female,Marketing,Developer,UG,Single,High,No
E0515,35,36132,29,60,12,1,4,Female,HR,Developer,PG,Married,High,Yes
E0516,42,97208,4,57,16,4,3,Male,HR,Executive,PG,Single,High,No
E0517,58,77649,21,44,24,10,3,Female,Finance,Tester,PG,Single,Medium,No
E0518,47,68202,25,50,14,5,5,Female,HR,Recruiter,UG,Married,High,Yes
E0519,29,70108,30,54,28,9,2,Female,Finance,Executive,UG,Married,Low,No
E0520,51,37596,10,58,7,9,4,Male,Finance,Tester,PG,Single,Low,Yes
E0521,46,91373,14,53,2,1,5,Female,HR,Tester,UG,Married,Low,No
E0522,57,26581,6,56,27,4,4,Female,IT,Developer,PG,Single,Medium,No
E0523,51,58629,21,50,24,9,3,Female,IT,Developer,UG,Married,High,Yes
E0524,44,44312,5,47,7,8,3,Female,Finance,Manager,PG,Single,Medium,No
E0525,32,45377,28,54,30,6,5,Female,Marketing,Developer,PG,Single,Medium,No
E0526,46,29338,7,44,7,1,4,Male,HR,Developer,UG,Single,High,Yes
E0527,57,45048,11,42,26,4,5,Female,Sales,Tester,PG,Married,Low,No
E0528,43,94925,11,58,24,5,1,Female,IT,Manager,UG,Married,High,No
E0529,43,58820,19,46,12,5,3,Male,IT,Developer,PG,Married,Low,Yes
E0530,28,82317,10,58,19,6,1,Female,Marketing,Tester,UG,Single,Low,No
E0531,58,74257,23,53,9,8,4,Male,Finance,Analyst,UG,Single,Medium,Yes
E0532,36,87083,1,45,30,5,5,Male,IT,Tester,UG,Single,Low,No
E0533,59,36613,13,48,14,1,5,Male,HR,Tester,PG,Married,High,Yes
E0534,25,56234,16,41,18,7,1,Male,HR,Manager,PG,Married,High,Yes
E0535,36,72919,23,48,15,6,2,Male,Finance,Manager,PG,Married,Medium,No
E0536,41,58802,2,53,16,4,4,Male,Sales,Executive,PG,Married,Low,No
E0537,34,49833,13,59,24,7,5,Female,Sales,Recruiter,PG,Married,High,No
E0538,48,82602,5,43,19,4,5,Female,HR,Executive,UG,Single,Medium,Yes
E0539,52,93174,19,58,16,1,5,Female,Finance,Developer,UG,Married,High,No
E0540,40,93134,5,43,14,2,1,Female,Finance,Tester,UG,Single,Low,Yes
E0541,48,73821,26,43,28,6,3,Female,Marketing,Manager,UG,Single,High,Yes
E0542,27,94995,26,56,29,5,5,Female,IT,Analyst,UG,Married,High,No
E0543,24,83881,8,52,8,4,3,Female,IT,Tester,PG,Married,Low,Yes
E0544,45,26858,23,44,23,2,2,Female,Marketing,Tester,UG,Single,Low,No
E0545,26,90305,20,48,29,7,3,Female,Sales,Developer,PG,Married,Low,No
E0546,29,52119,3,45,19,3,4,Male,Finance,Developer,UG,Married,Medium,Yes
E0547,50,88981,18,55,23,5,1,Female,IT,Tester,UG,Married,Low,No
E0548,44,51216,22,45,30,6,3,Male,Finance,Executive,UG,Single,High,Yes
E0549,51,75043,1,42,22,8,5,Male,Sales,Recruiter,PG,Married,Low,Yes
E0550,48,37897,3,58,24,4,3,Male,Marketing,Manager,PG,Single,Medium,Yes
E0551,45,93196,28,56,1,1,1,Male,Finance,Tester,PG,Married,Medium,Yes
E0552,27,54161,3,55,7,6,3,Female,Marketing,Recruiter,PG,Single,Low,No
E0553,45,76610,11,43,19,9,4,Female,IT,Recruiter,UG,Single,High,Yes
E0554,38,78687,18,53,16,4,4,Female,Finance,Executive,UG,Single,Low,No
E0555,43,98498,12,60,2,8,5,Female,Marketing,Manager,PG,Single,High,Yes
E0556,39,51082,21,41,9,5,1,Male,Finance,Tester,UG,Single,High,Yes
E0557,26,53752,22,53,19,9,1,Female,Marketing,Executive,UG,Single,High,No
E0558,26,59503,16,55,28,9,4,Male,HR,Executive,UG,Married,Low,Yes
E0559,42,83053,22,55,16,4,1,Female,Finance,Analyst,PG,Married,High,Yes
E0560,35,78102,20,60,26,10,3,Female,Marketing,Executive,PG,Single,Medium,No
E0561,57,46207,28,49,11,4,3,Male,Marketing,Manager,UG,Married,Medium,Yes
E0562,31,31642,7,41,7,2,1,Female,Marketing,Executive,PG,Single,Low,No
E0563,45,35630,13,56,15,7,5,Female,Finance,Executive,PG,Single,High,Yes
E0564,57,87222,11,49,15,2,4,Male,Sales,Executive,PG,Married,Low,No
E0565,50,53668,21,45,15,10,1,Male,Marketing,Recruiter,UG,Married,High,No
E0566,27,87571,25,44,6,5,1,Female,Marketing,Recruiter,PG,Single,High,Yes
E0567,52,78182,6,49,2,1,3,Male,Finance,Manager,UG,Single,High,Yes
E0568,53,43843,4,40,11,8,2,Female,Marketing,Executive,PG,Married,Low,Yes
E0569,38,46762,1,60,10,3,3,Female,IT,Executive,PG,Single,High,No
E0570,56,62693,8,47,5,6,4,Male,Finance,Developer,UG,Single,Low,No
E0571,39,88985,26,44,29,3,1,Male,Sales,Executive,PG,Single,High,Yes
E0572,54,40134,27,50,6,5,3,Male,IT,Tester,PG,Married,Low,Yes
E0573,51,73369,5,49,17,4,1,Female,Sales,Analyst,UG,Married,High,No
E0574,44,29060,26,53,3,10,1,Female,Sales,Manager,UG,Married,Medium,Yes
E0575,57,54206,30,54,28,9,3,Male,Sales,Tester,UG,Single,Low,Yes
E0576,49,61317,9,60,22,10,1,Female,IT,Tester,UG,Single,High,No
E0577,55,64814,20,46,15,3,1,Male,Sales,Executive,PG,Single,Low,No
E0578,47,98552,1,54,11,1,1,Male,IT,Developer,UG,Single,Low,Yes
E0579,60,73318,29,53,23,7,4,Male,IT,Tester,UG,Single,Low,Yes
E0580,45,66513,19,45,16,10,3,Male,HR,Analyst,PG,Single,Low,Yes
E0581,27,38288,12,59,7,8,1,Female,Finance,Analyst,UG,Married,High,No
E0582,49,85866,23,51,30,1,3,Male,HR,Developer,UG,Married,Medium,Yes
E0583,54,51924,5,48,30,5,1,Male,HR,Analyst,PG,Single,High,Yes
E0584,60,97435,7,52,23,6,5,Female,Marketing,Recruiter,UG,Married,High,Yes
E0585,30,34746,22,45,3,9,1,Female,Sales,Tester,UG,Single,High,No
E0586,38,38806,15,55,11,4,5,Male,HR,Tester,UG,Married,Low,Yes
E0587,53,75177,24,51,20,6,2,Male,Sales,Executive,UG,Single,High,No
E0588,51,84003,22,40,13,5,1,Female,Finance,Analyst,UG,Married,Medium,Yes
E0589,40,55479,3,47,26,6,5,Female,IT,Executive,PG,Single,High,No
E0590,26,80119,17,49,16,6,2,Female,IT,Executive,PG,Single,Medium,Yes
E0591,54,47684,21,52,12,8,5,Male,Sales,Developer,UG,Married,Medium,No
E0592,48,34865,27,40,7,6,5,Male,Marketing,Tester,UG,Single,Medium,Yes
E0593,33,29796,27,57,20,5,5,Male,Finance,Analyst,UG,Married,High,Yes
E0594,55,80342,26,59,6,7,3,Female,Sales,Recruiter,PG,Married,Medium,Yes
E0595,29,46663,8,56,18,1,1,Male,IT,Recruiter,UG,Single,Medium,Yes
E0596,52,52917,13,46,4,10,3,Female,Sales,Tester,PG,Married,Medium,No
E0597,44,83899,16,54,24,2,4,Female,IT,Manager,UG,Married,High,No
E0598,30,73872,10,52,18,8,2,Male,Sales,Manager,UG,Married,Low,Yes
E0599,30,78837,18,51,21,4,4,Male,IT,Analyst,PG,Married,High,No
E0600,33,74004,20,46,17,6,3,Male,Marketing,Executive,UG,Married,Low,No
E0601,27,89073,13,48,17,3,3,Male,IT,Manager,UG,Married,Low,Yes
E0602,35,90753,16,49,28,6,3,Male,Marketing,Analyst,UG,Married,High,Yes
E0603,58,70077,23,41,23,7,1,Female,IT,Tester,UG,Married,High,Yes
E0604,45,97880,20,42,19,8,4,Female,Finance,Tester,UG,Married,Low,Yes
E0605,50,80903,26,52,24,5,3,Female,Finance,Executive,PG,Single,Medium,Yes
E0606,45,58934,7,50,16,10,3,Female,HR,Tester,PG,Single,High,No
E0607,41,99671,28,51,1,8,5,Female,IT,Analyst,PG,Married,Medium,Yes
E0608,58,85174,6,56,12,7,5,Female,Sales,Executive,UG,Single,Low,No
E0609,38,50120,23,43,2,1,4,Female,IT,Developer,UG,Married,Medium,No
E0610,58,33136,5,56,2,6,5,Female,IT,Tester,UG,Single,High,No
E0611,48,33788,25,42,23,4,2,Female,HR,Tester,PG,Married,Low,No
E0612,44,26633,27,52,3,9,1,Male,HR,Executive,UG,Married,Medium,No
E0613,30,42005,30,56,20,4,1,Male,Sales,Recruiter,UG,Married,Low,No
E0614,30,39431,6,40,17,4,3,Male,Sales,Executive,PG,Single,Medium,No
E0615,57,50477,11,54,20,1,5,Female,HR,Tester,PG,Single,High,No
E0616,45,84892,12,44,21,1,5,Male,Marketing,Recruiter,PG,Married,High,Yes
E0617,37,45097,1,51,26,8,3,Male,Sales,Analyst,UG,Married,Medium,No
E0618,37,78064,15,59,9,6,2,Female,Marketing,Executive,UG,Married,Low,Yes
E0619,34,95913,19,54,1,6,2,Female,Sales,Developer,UG,Single,Medium,Yes
E0620,57,86435,10,44,9,1,4,Female,IT,Developer,PG,Single,High,Yes
E0621,60,54984,9,52,4,8,2,Female,HR,Executive,PG,Married,Medium,No
E0622,26,28210,5,44,2,9,5,Male,Finance,Analyst,PG,Single,High,No
E0623,38,55836,10,56,26,1,4,Female,HR,Manager,UG,Married,High,Yes
E0624,57,72545,29,48,12,6,1,Male,Sales,Developer,PG,Single,High,Yes
E0625,57,79172,14,50,12,2,5,Male,HR,Developer,UG,Single,High,No
E0626,42,53876,4,50,30,3,3,Female,Marketing,Manager,PG,Married,High,Yes
E0627,34,89161,26,56,12,2,3,Female,Sales,Analyst,PG,Single,High,Yes
E0628,60,25877,19,44,10,2,1,Female,IT,Tester,PG,Married,High,Yes
E0629,55,75833,1,53,14,6,4,Male,HR,Executive,PG,Married,Medium,Yes
E0630,52,76606,24,48,30,4,1,Female,Marketing,Tester,PG,Single,High,Yes
E0631,26,66317,6,56,4,2,5,Female,Finance,Developer,PG,Married,Medium,No
E0632,23,97109,5,42,4,8,5,Female,IT,Tester,UG,Married,High,No
E0633,31,32612,21,42,30,1,2,Female,Marketing,Recruiter,UG,Married,Low,Yes
E0634,41,66653,2,60,9,9,4,Female,IT,Tester,PG,Married,Medium,Yes
E0635,29,92349,21,58,27,4,4,Female,IT,Recruiter,UG,Single,Low,No
E0636,32,98176,12,51,10,10,1,Female,Finance,Tester,PG,Married,High,No
E0637,22,82611,14,48,26,9,3,Male,Sales,Recruiter,PG,Single,Medium,No
E0638,33,80754,24,50,6,10,5,Male,HR,Analyst,UG,Single,Low,Yes
E0639,48,73460,21,50,15,1,2,Female,Marketing,Manager,PG,Single,High,No
E0640,47,74595,18,57,1,3,2,Male,Finance,Manager,PG,Married,Low,Yes
E0641,28,89647,27,46,10,9,1,Female,Sales,Tester,PG,Married,Medium,Yes
E0642,50,81070,24,56,15,1,3,Female,IT,Executive,PG,Married,Medium,Yes
E0643,40,28225,13,54,25,5,3,Female,Finance,Developer,UG,Single,Low,No
E0644,49,37504,26,52,29,4,4,Female,IT,Executive,PG,Single,Low,No
E0645,24,29232,25,47,14,7,1,Female,Marketing,Tester,PG,Single,Medium,Yes
E0646,30,79493,19,55,2,7,2,Female,Marketing,Executive,PG,Married,High,Yes
E0647,29,69901,29,58,7,5,1,Male,HR,Developer,UG,Married,High,No
E0648,27,72332,19,54,21,6,2,Male,Sales,Recruiter,PG,Married,Low,Yes
E0649,47,90469,14,48,30,10,2,Female,Sales,Recruiter,UG,Married,Low,No
E0650,43,62557,3,42,2,1,5,Female,Finance,Recruiter,PG,Married,Medium,Yes
E0651,60,53843,18,58,19,7,3,Female,Marketing,Developer,PG,Single,High,No
E0652,33,72126,8,59,11,9,4,Male,HR,Manager,UG,Single,High,Yes
E0653,41,35686,5,42,26,1,4,Female,IT,Analyst,UG,Married,Medium,Yes
E0654,57,56476,6,48,7,6,3,Male,HR,Tester,PG,Single,High,No
E0655,60,81230,26,59,20,10,2,Female,Finance,Developer,UG,Married,Medium,Yes
E0656,35,38010,19,40,26,10,1,Male,Sales,Tester,UG,Married,Low,Yes
E0657,27,87007,13,44,8,2,5,Female,Finance,Tester,PG,Single,Low,Yes
E0658,24,52577,22,47,4,9,3,Female,IT,Executive,PG,Single,Low,No
E0659,40,53250,9,56,11,8,4,Female,IT,Analyst,PG,Single,High,Yes
E0660,26,67924,28,53,26,10,2,Female,HR,Tester,UG,Single,High,Yes
E0661,34,84079,24,44,6,6,5,Female,Finance,Recruiter,PG,Married,Low,Yes
E0662,38,47245,25,43,15,5,3,Female,IT,Executive,UG,Single,Low,No
E0663,38,82097,3,54,23,7,2,Male,IT,Executive,UG,Single,Medium,Yes
E0664,43,70948,18,60,20,4,3,Male,IT,Executive,UG,Married,Low,Yes
E0665,42,68977,24,60,10,9,3,Male,HR,Manager,UG,Married,Medium,Yes
E0666,25,59471,14,47,1,5,1,Female,Marketing,Recruiter,PG,Married,High,Yes
E0667,43,39490,22,49,21,8,1,Male,HR,Analyst,PG,Married,High,Yes
E0668,54,41261,12,48,6,2,4,Male,IT,Developer,UG,Married,High,Yes
E0669,49,65019,8,59,20,1,2,Male,Sales,Manager,UG,Married,Low,No
E0670,26,83919,11,49,14,2,1,Female,HR,Tester,PG,Married,Low,Yes
E0671,35,64331,30,44,13,1,5,Female,Marketing,Manager,UG,Single,Low,No
E0672,22,65238,14,47,17,4,2,Female,Finance,Analyst,UG,Married,Low,No
E0673,34,81790,5,47,11,3,2,Male,Sales,Executive,UG,Married,Medium,No
E0674,49,30555,1,58,19,6,4,Female,Marketing,Executive,PG,Single,Low,No
E0675,28,94234,24,60,6,3,1,Female,Sales,Recruiter,PG,Single,High,Yes
E0676,49,96159,19,50,5,4,2,Male,Sales,Executive,UG,Single,Medium,No
E0677,37,28860,12,52,23,7,2,Female,Finance,Analyst,PG,Single,Low,No
E0678,59,66277,2,45,6,4,2,Female,IT,Analyst,PG,Single,Low,No
E0679,30,74043,4,53,1,8,3,Male,HR,Manager,UG,Married,Low,No
E0680,55,99295,22,44,3,10,1,Male,IT,Tester,PG,Single,Medium,Yes
E0681,41,38603,25,51,15,9,2,Male,HR,Developer,PG,Married,High,Yes
E0682,43,38376,7,57,26,10,1,Female,HR,Tester,PG,Married,High,No
E0683,46,27351,27,43,25,1,5,Female,HR,Executive,PG,Single,Medium,No
E0684,36,65787,24,57,24,3,4,Female,IT,Tester,PG,Single,Low,Yes
E0685,41,36966,24,52,9,3,3,Female,Finance,Developer,PG,Married,Medium,Yes
E0686,40,97945,24,52,26,1,2,Male,Sales,Analyst,UG,Single,Low,Yes
E0687,38,82824,26,46,15,7,3,Male,IT,Developer,PG,Single,Low,Yes
E0688,29,90876,13,56,15,5,1,Male,Marketing,Manager,UG,Married,Low,Yes
E0689,51,74951,7,60,28,6,4,Male,Sales,Manager,UG,Married,Medium,No
E0690,45,35160,27,59,11,2,5,Male,Sales,Recruiter,PG,Single,Low,Yes
E0691,37,99738,21,41,2,2,3,Female,Sales,Executive,UG,Married,Low,Yes
E0692,35,55313,20,53,27,2,4,Male,Finance,Tester,PG,Married,Low,Yes
E0693,33,90675,3,52,24,4,4,Female,HR,Executive,PG,Married,High,No
E0694,29,38186,30,50,16,6,4,Male,Marketing,Executive,PG,Single,Low,No
E0695,34,40503,18,60,15,3,4,Male,HR,Recruiter,UG,Single,Medium,Yes
E0696,38,49115,4,51,28,5,5,Male,Finance,Tester,UG,Married,Medium,No
E0697,38,46666,15,43,20,9,3,Male,Finance,Analyst,PG,Married,Low,No
E0698,35,57322,23,53,22,7,2,Male,IT,Tester,PG,Married,Low,Yes
E0699,26,53935,14,58,12,6,5,Male,Sales,Executive,PG,Married,Low,Yes
E0700,39,28517,14,60,25,10,4,Male,IT,Manager,UG,Married,Low,Yes
E0701,46,85854,5,54,2,6,1,Male,HR,Analyst,PG,Single,High,Yes
E0702,38,76493,10,48,8,9,2,Female,HR,Analyst,UG,Single,Low,No
E0703,34,26789,13,60,8,6,5,Male,Marketing,Analyst,PG,Married,High,No
E0704,59,62354,24,52,14,5,3,Male,IT,Recruiter,UG,Single,Medium,Yes
E0705,43,80559,14,45,17,1,4,Male,Sales,Recruiter,PG,Single,Low,No
E0706,25,57856,25,42,17,3,3,Female,Finance,Manager,PG,Single,High,No
E0707,59,58780,2,49,16,6,1,Male,Sales,Recruiter,PG,Married,Medium,No
E0708,52,35372,29,42,21,7,5,Female,HR,Manager,UG,Married,Low,Yes
E0709,57,48509,23,57,13,10,4,Male,Sales,Recruiter,PG,Single,Low,No
E0710,52,91665,26,55,6,2,4,Female,Marketing,Tester,UG,Married,High,Yes
E0711,31,35023,20,56,2,10,2,Female,IT,Recruiter,PG,Single,Medium,Yes
E0712,54,87771,1,43,29,7,1,Male,Sales,Manager,PG,Married,Low,Yes
E0713,26,80862,13,43,30,9,2,Male,Marketing,Tester,PG,Single,Low,Yes
E0714,23,33315,11,57,24,1,2,Female,Marketing,Executive,PG,Married,High,Yes
E0715,59,89576,13,42,30,10,1,Male,Sales,Manager,UG,Married,Low,No
E0716,59,39289,21,55,28,6,2,Male,Finance,Recruiter,UG,Single,Medium,No
E0717,36,71783,3,41,19,4,3,Female,Finance,Tester,UG,Single,Medium,No
E0718,60,31569,13,52,17,9,5,Female,HR,Tester,PG,Single,Medium,Yes
E0719,37,87310,5,44,7,1,2,Female,HR,Analyst,PG,Married,Medium,Yes
E0720,38,31230,10,53,26,7,4,Male,Sales,Developer,UG,Single,High,No
E0721,24,99332,11,44,22,10,3,Male,Marketing,Manager,UG,Married,High,Yes
E0722,27,47889,9,47,15,5,1,Male,Sales,Analyst,PG,Married,Medium,Yes
E0723,35,31238,7,46,24,2,4,Male,Marketing,Manager,UG,Single,Low,Yes
E0724,48,52688,24,56,16,4,5,Male,Sales,Analyst,UG,Married,Low,Yes
E0725,25,59223,21,53,11,4,3,Female,Marketing,Tester,UG,Married,Low,Yes
E0726,30,53780,30,41,24,3,1,Male,Marketing,Executive,PG,Married,Medium,Yes
E0727,47,55881,21,54,6,8,4,Male,IT,Tester,UG,Single,Low,No
E0728,38,68676,18,57,19,6,2,Female,Finance,Manager,PG,Married,Medium,No
E0729,45,61282,11,50,15,6,3,Female,Finance,Manager,PG,Single,High,No
E0730,54,81492,7,59,16,6,4,Female,IT,Tester,UG,Married,Medium,Yes
E0731,44,47398,15,49,6,5,4,Male,Marketing,Developer,PG,Single,High,Yes
E0732,34,50707,3,54,21,7,2,Female,Marketing,Analyst,UG,Single,Low,No
E0733,25,60899,18,56,7,2,5,Female,IT,Developer,UG,Single,Low,No
E0734,27,86256,20,46,19,4,2,Female,HR,Manager,UG,Married,High,Yes
E0735,31,36946,27,57,12,4,3,Female,IT,Analyst,PG,Single,High,Yes
E0736,27,80321,1,51,24,6,1,Male,IT,Developer,PG,Single,Medium,Yes
E0737,30,92276,16,59,2,2,2,Male,Sales,Developer,PG,Single,Low,Yes
E0738,45,54817,19,49,13,4,5,Male,Marketing,Analyst,PG,Single,Medium,No
E0739,57,61637,3,59,27,5,2,Male,Marketing,Recruiter,UG,Married,High,Yes
E0740,28,54444,11,45,19,6,4,Male,Marketing,Recruiter,PG,Married,Medium,No
E0741,45,43670,13,59,1,4,3,Male,Marketing,Developer,PG,Single,Low,No
E0742,39,45196,3,40,29,8,1,Female,Marketing,Tester,PG,Single,High,No
E0743,60,78126,6,58,9,8,5,Female,HR,Tester,UG,Married,Medium,No
E0744,57,57630,10,46,29,5,4,Male,Sales,Developer,UG,Married,High,No
E0745,31,37714,15,58,28,6,2,Male,Sales,Manager,PG,Single,High,No
E0746,39,93223,23,46,26,3,1,Male,Marketing,Developer,PG,Married,Medium,No
E0747,60,49536,25,43,26,7,4,Male,HR,Recruiter,UG,Single,Medium,No
E0748,57,93036,4,46,9,8,2,Male,HR,Tester,UG,Single,Medium,Yes
E0749,38,84893,5,52,25,5,5,Female,Sales,Tester,UG,Married,High,Yes
E0750,58,40558,27,47,24,9,2,Male,IT,Recruiter,PG,Single,Low,Yes
E0751,55,78019,11,53,5,6,5,Male,Sales,Recruiter,UG,Married,Low,No
E0752,50,93527,22,45,16,4,2,Female,Sales,Manager,UG,Single,High,No
E0753,47,52722,24,59,24,9,2,Female,Finance,Recruiter,PG,Single,High,No
E0754,54,71088,30,58,1,6,5,Male,HR,Recruiter,PG,Married,Low,Yes
E0755,55,46669,16,46,8,10,5,Male,Finance,Recruiter,PG,Single,High,Yes
E0756,34,29739,24,46,1,4,3,Male,Marketing,Developer,UG,Married,Low,Yes
E0757,45,60796,13,57,17,10,1,Male,Sales,Recruiter,PG,Married,High,Yes
E0758,58,59830,28,49,18,9,5,Male,HR,Executive,UG,Married,High,No
E0759,37,43377,27,44,6,7,2,Female,IT,Manager,UG,Single,Medium,No
E0760,53,30931,9,57,9,1,1,Male,Marketing,Developer,UG,Single,Medium,Yes
E0761,27,29930,19,52,11,6,2,Female,Marketing,Analyst,UG,Married,Low,Yes
E0762,49,74965,21,60,4,5,3,Male,Finance,Manager,UG,Single,Medium,Yes
E0763,46,68987,22,59,22,1,3,Male,HR,Recruiter,UG,Single,Low,Yes
E0764,43,71819,10,41,27,1,3,Female,Finance,Manager,PG,Single,Low,Yes
E0765,60,52712,29,40,29,2,1,Female,Sales,Tester,PG,Single,High,Yes
E0766,30,68846,30,60,17,1,4,Male,IT,Analyst,PG,Single,Medium,Yes
E0767,33,81299,9,58,17,4,4,Female,Marketing,Manager,PG,Married,High,Yes
E0768,34,65813,8,55,9,5,2,Female,Marketing,Developer,PG,Married,Low,Yes
E0769,49,96517,19,52,21,2,2,Male,IT,Developer,UG,Single,Low,No
E0770,48,73181,24,44,19,2,4,Male,Sales,Manager,PG,Married,High,No
E0771,28,42841,20,49,23,10,1,Male,Sales,Executive,UG,Married,High,Yes
E0772,58,38944,2,52,24,2,4,Female,Sales,Manager,UG,Single,High,No
E0773,43,36798,28,58,11,7,5,Male,HR,Tester,PG,Single,Low,Yes
E0774,25,45586,2,60,1,10,5,Female,Finance,Developer,UG,Married,High,Yes
E0775,45,27034,21,47,19,3,3,Male,Marketing,Analyst,UG,Married,High,No
E0776,47,53679,20,51,21,1,3,Male,IT,Executive,UG,Married,High,Yes
E0777,59,91858,30,57,16,2,5,Female,IT,Tester,UG,Married,Medium,Yes
E0778,60,79201,25,51,6,4,2,Male,IT,Analyst,UG,Single,Low,Yes
E0779,35,43375,7,52,18,8,3,Female,Sales,Executive,UG,Single,Low,Yes
E0780,60,46174,22,42,3,10,2,Female,Marketing,Recruiter,PG,Single,Low,Yes
E0781,23,35647,2,46,18,9,4,Female,Sales,Developer,PG,Married,Medium,Yes
E0782,41,29889,20,45,13,4,3,Male,Finance,Manager,UG,Single,Low,No
E0783,29,63107,12,48,11,7,2,Female,Finance,Manager,UG,Married,Medium,No
E0784,34,26327,5,59,24,2,4,Female,Sales,Analyst,PG,Single,Low,No
E0785,49,77830,26,50,15,8,4,Female,Sales,Tester,PG,Single,High,No
E0786,55,71148,25,40,11,4,3,Male,Marketing,Developer,PG,Single,Medium,Yes
E0787,29,29088,1,55,24,4,3,Male,Marketing,Developer,PG,Married,Medium,No
E0788,24,61987,21,55,7,10,5,Female,HR,Tester,PG,Single,Low,Yes
E0789,30,79409,9,49,16,2,5,Female,Marketing,Recruiter,PG,Married,High,Yes
E0790,52,25092,22,50,24,5,4,Male,Sales,Tester,PG,Single,Low,Yes
E0791,22,78737,25,57,1,2,1,Female,IT,Executive,PG,Single,High,No
E0792,32,32033,1,60,22,10,2,Male,Marketing,Recruiter,PG,Single,Low,Yes
E0793,53,27315,25,45,19,10,1,Male,Finance,Tester,PG,Single,Low,No
E0794,49,94012,24,44,11,1,2,Female,HR,Analyst,UG,Single,Low,No
E0795,42,52201,1,55,18,1,4,Male,Sales,Analyst,UG,Married,Medium,Yes
E0796,54,98824,8,57,29,8,5,Male,Marketing,Executive,UG,Single,High,No
E0797,25,67106,15,45,27,8,5,Male,Sales,Recruiter,UG,Single,Medium,No
E0798,42,57864,22,56,2,6,5,Female,Marketing,Recruiter,UG,Married,Low,Yes
E0799,44,34436,1,55,29,4,5,Male,IT,Executive,UG,Single,High,Yes
E0800,37,85005,23,40,3,10,1,Female,Finance,Manager,PG,Married,Medium,No
E0801,28,90884,25,48,30,1,5,Male,Marketing,Manager,UG,Married,Medium,Yes
E0802,46,27645,23,49,12,4,3,Male,Finance,Recruiter,UG,Married,Medium,No
E0803,59,56125,27,53,4,9,4,Female,Sales,Developer,PG,Single,Low,No
E0804,34,75611,18,59,22,1,1,Male,Finance,Developer,PG,Married,Low,Yes
E0805,36,62245,25,56,3,2,5,Male,HR,Executive,UG,Married,Medium,Yes
E0806,39,27533,7,57,2,3,5,Female,Sales,Developer,PG,Single,Low,Yes
E0807,34,59435,17,56,11,1,5,Male,Finance,Analyst,UG,Single,Low,Yes
E0808,55,56123,20,52,10,2,1,Female,Finance,Tester,UG,Single,Low,Yes
E0809,48,53711,2,48,26,7,4,Female,Marketing,Analyst,PG,Married,Low,Yes
E0810,31,86391,9,44,30,8,3,Female,Marketing,Manager,UG,Married,High,No
E0811,38,76936,29,43,16,1,3,Female,HR,Executive,PG,Single,Medium,No
E0812,38,85212,25,42,26,10,5,Male,Marketing,Tester,PG,Single,High,No
E0813,36,87794,12,42,17,3,1,Male,HR,Recruiter,UG,Married,High,Yes
E0814,58,97863,26,53,7,3,4,Female,Marketing,Manager,PG,Single,Low,No
E0815,40,37266,27,40,13,3,4,Female,Marketing,Tester,UG,Married,High,Yes
E0816,49,76345,28,56,20,9,2,Female,IT,Tester,UG,Single,High,Yes
E0817,26,50494,15,51,25,9,2,Female,IT,Manager,UG,Single,Low,No
E0818,53,87742,23,51,28,8,3,Female,Finance,Manager,UG,Single,Medium,Yes
E0819,54,32023,21,53,11,4,2,Male,IT,Recruiter,PG,Single,Medium,Yes
E0820,58,57464,18,45,25,1,2,Male,IT,Recruiter,UG,Single,Low,No
E0821,28,32076,21,48,22,3,5,Female,Finance,Executive,UG,Single,Low,No
E0822,30,50218,6,60,16,6,3,Male,HR,Tester,UG,Married,Medium,Yes
E0823,36,37045,24,55,27,8,1,Male,Marketing,Recruiter,PG,Single,Low,No
E0824,44,56694,27,44,15,5,5,Female,Finance,Tester,PG,Single,High,No
E0825,29,97405,18,47,28,1,3,Female,Finance,Manager,PG,Single,High,No
E0826,23,34569,15,40,9,5,4,Male,Sales,Developer,UG,Single,High,No
E0827,25,90192,19,49,22,6,4,Female,HR,Recruiter,UG,Married,Low,No
E0828,35,32964,10,60,15,4,1,Male,IT,Tester,UG,Married,High,Yes
E0829,38,61037,21,41,6,2,2,Male,Sales,Tester,PG,Single,High,Yes
E0830,42,56755,24,57,21,5,2,Female,IT,Manager,PG,Single,High,No
E0831,44,58425,23,51,23,10,3,Male,Finance,Manager,PG,Married,Medium,No
E0832,56,40979,21,54,19,9,1,Female,Marketing,Executive,UG,Married,High,No
E0833,46,71384,11,44,20,1,5,Male,Sales,Tester,PG,Married,Medium,Yes
E0834,54,47393,15,41,26,3,2,Female,HR,Executive,PG,Single,Medium,Yes
E0835,47,61366,8,40,25,3,4,Female,IT,Analyst,PG,Married,High,No
E0836,38,71698,12,43,1,7,3,Male,Marketing,Developer,PG,Married,High,No
E0837,56,83632,14,56,21,5,2,Male,Marketing,Tester,PG,Single,Medium,Yes
E0838,35,53117,28,58,22,1,2,Female,Marketing,Developer,UG,Single,Low,No
E0839,50,36929,18,50,25,8,3,Female,IT,Analyst,PG,Married,High,No
E0840,39,97721,1,57,21,2,3,Male,Finance,Manager,PG,Single,Medium,No
E0841,54,77575,28,60,28,7,2,Female,IT,Executive,UG,Single,Medium,No
E0842,58,26699,19,59,6,7,3,Female,Finance,Manager,PG,Single,High,No
E0843,59,59421,13,45,26,3,3,Male,Finance,Executive,UG,Married,High,Yes
E0844,24,82169,17,53,28,6,2,Male,HR,Analyst,UG,Single,Medium,No
E0845,23,33879,3,53,6,10,2,Female,Sales,Manager,UG,Married,High,No
E0846,42,55171,24,57,2,4,2,Male,Finance,Tester,PG,Married,High,No
E0847,33,81624,2,42,21,10,1,Female,HR,Developer,PG,Single,Low,No
E0848,53,97739,17,43,21,3,3,Female,Sales,Analyst,UG,Single,Medium,Yes
E0849,51,57995,9,59,30,10,4,Male,Sales,Executive,UG,Married,Low,No
E0850,33,45083,16,49,30,1,4,Female,Marketing,Analyst,PG,Married,Low,No
E0851,22,52450,10,48,21,3,3,Male,IT,Executive,PG,Single,Low,No
E0852,44,72726,21,55,20,3,5,Female,Marketing,Developer,PG,Married,Low,No
E0853,37,97534,8,41,3,9,3,Male,Finance,Recruiter,UG,Single,Low,Yes
E0854,23,30100,14,47,7,7,3,Female,Sales,Recruiter,UG,Single,High,Yes
E0855,24,45751,11,44,13,5,3,Male,Finance,Recruiter,PG,Single,High,Yes
E0856,30,34322,11,45,29,9,4,Male,Sales,Tester,PG,Married,Medium,Yes
E0857,51,40232,14,40,20,6,5,Female,Marketing,Developer,UG,Single,Medium,No
E0858,39,28633,28,56,9,2,4,Female,HR,Executive,PG,Married,High,No
E0859,35,78483,23,46,13,5,3,Male,Finance,Analyst,PG,Married,Medium,No
E0860,29,93187,24,58,22,1,2,Female,Sales,Executive,UG,Married,Low,Yes
E0861,44,70528,4,42,26,7,1,Male,Finance,Tester,UG,Single,Low,No
E0862,39,76027,12,48,8,7,1,Male,IT,Developer,PG,Married,Low,Yes
E0863,45,67433,6,58,22,10,3,Male,Finance,Tester,PG,Married,Low,No
E0864,28,66211,13,49,9,1,4,Female,IT,Developer,PG,Married,High,No
E0865,22,98651,16,48,5,6,1,Male,HR,Analyst,PG,Married,Medium,No
E0866,58,88009,16,40,27,2,5,Female,Finance,Analyst,UG,Single,High,No
E0867,46,53525,9,41,19,8,4,Male,IT,Manager,PG,Married,Low,No
E0868,38,64454,6,42,21,9,2,Female,Marketing,Recruiter,PG,Single,Low,No
E0869,23,80325,26,48,5,10,5,Male,Finance,Executive,PG,Married,High,No
E0870,54,92367,13,40,24,5,4,Male,Finance,Executive,PG,Single,Medium,No
E0871,26,38369,8,40,24,5,1,Female,IT,Recruiter,PG,Single,Medium,No
E0872,56,29870,12,47,2,4,2,Male,HR,Executive,PG,Married,Low,Yes
E0873,34,30085,27,52,2,2,5,Female,Sales,Tester,PG,Single,High,Yes
E0874,37,89644,11,43,17,10,5,Male,IT,Developer,PG,Married,High,No
E0875,53,63204,25,46,7,4,2,Male,IT,Recruiter,PG,Single,Medium,No
E0876,31,55499,24,46,3,9,4,Female,Finance,Analyst,PG,Married,High,Yes
E0877,26,38095,13,58,1,6,2,Female,Marketing,Recruiter,PG,Married,High,No
E0878,31,84357,20,56,5,1,4,Female,Finance,Manager,UG,Married,Low,Yes
E0879,59,45319,6,44,13,5,2,Female,HR,Recruiter,UG,Married,Low,No
E0880,46,57969,24,45,2,2,2,Female,HR,Recruiter,UG,Married,Medium,Yes
E0881,22,37956,18,43,20,9,2,Female,Finance,Developer,PG,Married,Medium,Yes
E0882,23,58099,7,53,20,10,4,Female,Sales,Executive,UG,Single,Low,Yes
E0883,51,31080,8,45,5,9,2,Male,Marketing,Developer,UG,Single,Low,Yes
E0884,26,29676,21,49,24,6,4,Female,Marketing,Manager,UG,Married,Medium,Yes
E0885,26,27078,4,40,7,1,2,Male,Sales,Tester,UG,Married,Medium,No
E0886,46,52230,14,44,29,1,4,Female,Marketing,Developer,UG,Single,Low,No
E0887,34,63977,27,56,7,2,2,Female,Finance,Developer,UG,Single,Low,Yes
E0888,33,97078,3,58,24,10,4,Female,Sales,Analyst,UG,Married,Low,Yes
E0889,31,33490,3,59,1,7,4,Female,HR,Tester,UG,Married,Medium,No
E0890,59,96574,1,41,19,1,3,Male,Marketing,Manager,PG,Married,Medium,Yes
E0891,52,99615,18,49,19,3,3,Female,Sales,Analyst,PG,Single,Medium,No
E0892,47,81748,17,45,15,1,2,Female,Marketing,Recruiter,UG,Single,Medium,No
E0893,28,41077,18,60,26,4,4,Male,Marketing,Developer,UG,Married,Low,Yes
E0894,56,60285,17,46,23,10,4,Female,Marketing,Analyst,PG,Single,High,No
E0895,27,71191,22,53,21,7,5,Male,Sales,Analyst,PG,Single,Medium,No
E0896,27,73132,17,50,13,4,1,Female,Sales,Executive,PG,Married,High,No
E0897,24,67925,26,42,27,3,3,Male,Marketing,Recruiter,PG,Single,High,Yes
E0898,45,36844,16,47,19,1,3,Female,Finance,Analyst,PG,Single,High,Yes
E0899,39,88850,12,55,18,5,1,Male,HR,Tester,PG,Single,High,Yes
E0900,55,80688,9,46,16,1,4,Male,Marketing,Manager,UG,Married,Low,Yes
E0901,22,30518,14,47,2,8,4,Male,Sales,Tester,UG,Married,Low,No
E0902,23,67097,23,42,17,6,4,Female,Sales,Manager,PG,Married,Medium,Yes
E0903,52,37523,22,55,1,6,3,Male,Marketing,Executive,PG,Single,Low,Yes
E0904,25,46481,7,43,15,1,4,Female,Finance,Analyst,PG,Married,High,No
E0905,31,38223,9,44,11,3,1,Male,IT,Analyst,PG,Single,Low,Yes
E0906,39,57818,30,47,6,2,2,Female,IT,Tester,UG,Married,Low,Yes
E0907,32,85099,5,47,11,10,4,Female,Finance,Executive,PG,Single,Low,No
E0908,39,90574,15,45,27,10,5,Male,Sales,Tester,PG,Married,Medium,No
E0909,52,89268,23,54,11,4,4,Female,Marketing,Executive,PG,Single,Medium,Yes
E0910,41,54922,27,41,2,6,3,Male,Sales,Manager,UG,Married,High,No
E0911,29,28236,6,47,19,10,2,Female,HR,Analyst,PG,Single,High,Yes
E0912,57,34033,24,48,18,1,5,Male,Finance,Executive,UG,Single,Low,No
E0913,58,41010,15,44,7,5,2,Male,IT,Executive,PG,Married,High,Yes
E0914,40,40022,27,58,8,4,5,Female,HR,Developer,PG,Married,Medium,No
E0915,50,89649,20,53,6,7,2,Male,Sales,Tester,PG,Single,Medium,Yes
E0916,25,69304,13,54,15,1,5,Male,Marketing,Manager,UG,Married,Low,Yes
E0917,55,77739,17,56,14,4,5,Female,Marketing,Executive,UG,Married,High,Yes
E0918,23,92519,26,55,21,4,4,Female,IT,Tester,UG,Single,Low,No
E0919,30,58370,2,50,6,5,3,Female,Finance,Developer,PG,Married,Low,No
E0920,42,71431,14,44,9,9,2,Female,HR,Analyst,UG,Married,Low,No
E0921,30,44344,7,40,11,10,3,Male,Finance,Developer,UG,Single,Low,No
E0922,29,60077,14,48,4,7,3,Male,IT,Manager,PG,Single,Low,No
E0923,58,42556,26,57,15,1,5,Female,HR,Developer,UG,Married,High,Yes
E0924,34,48786,7,57,2,5,1,Female,HR,Executive,PG,Married,High,No
E0925,58,65407,22,45,1,2,3,Male,Sales,Analyst,PG,Married,Low,No
E0926,31,73203,9,41,10,5,3,Male,IT,Executive,UG,Single,Low,Yes
E0927,45,97781,12,55,2,6,1,Female,IT,Executive,PG,Married,Medium,No
E0928,53,78125,9,55,3,10,3,Male,Marketing,Executive,UG,Married,Medium,No
E0929,51,83149,10,53,30,3,2,Female,Marketing,Manager,PG,Married,High,Yes
E0930,47,81898,5,50,8,10,3,Female,IT,Tester,UG,Married,Low,No
E0931,59,35943,23,60,15,4,2,Female,Sales,Recruiter,UG,Married,High,Yes
E0932,40,88710,25,56,17,1,1,Male,Marketing,Manager,UG,Married,Low,No
E0933,22,36853,9,41,6,1,2,Female,Finance,Executive,UG,Married,High,Yes
E0934,57,57388,14,48,8,6,3,Male,HR,Recruiter,UG,Single,Low,Yes
E0935,50,42633,11,43,19,9,5,Male,Marketing,Tester,UG,Married,Medium,No
E0936,28,87973,2,52,15,1,2,Male,Sales,Executive,PG,Single,High,Yes
E0937,38,34596,18,44,6,5,2,Male,HR,Developer,UG,Married,Low,No
E0938,39,31693,26,52,11,3,3,Male,Sales,Executive,UG,Single,Low,No
E0939,27,74022,10,48,10,5,4,Male,Sales,Manager,PG,Single,Medium,Yes
E0940,40,51888,13,50,28,3,3,Female,HR,Recruiter,UG,Married,Medium,No
E0941,27,75231,17,46,6,10,3,Male,IT,Developer,UG,Single,Medium,Yes
E0942,44,41573,4,56,12,5,1,Female,IT,Developer,UG,Single,High,Yes
E0943,34,99057,19,50,24,8,2,Male,HR,Tester,PG,Married,Low,No
E0944,53,25781,9,46,4,9,4,Male,HR,Recruiter,PG,Single,Low,Yes
E0945,30,88422,20,59,24,10,3,Male,Sales,Analyst,PG,Single,Low,No
E0946,30,59916,19,57,2,1,3,Male,Marketing,Manager,PG,Single,Medium,Yes
E0947,24,69973,9,43,21,1,5,Female,Marketing,Executive,UG,Single,Low,No
E0948,51,94340,13,48,18,9,1,Male,Finance,Recruiter,PG,Married,Medium,No
E0949,50,41162,19,54,15,10,3,Female,IT,Executive,UG,Married,Medium,No
E0950,33,98327,14,42,22,3,1,Male,IT,Analyst,PG,Single,Low,No
E0951,58,48779,9,40,22,2,2,Female,HR,Executive,UG,Married,Medium,No
E0952,50,65259,10,59,11,7,3,Male,Finance,Manager,UG,Married,Low,No
E0953,59,50881,23,59,23,9,2,Male,Finance,Recruiter,UG,Married,Low,No
E0954,38,60770,8,59,6,10,5,Male,Finance,Executive,PG,Married,Low,No
E0955,44,37090,2,47,30,7,4,Male,IT,Developer,UG,Married,High,Yes
E0956,52,39614,4,57,22,4,3,Male,Sales,Developer,UG,Married,Medium,Yes
E0957,39,85433,18,55,12,9,4,Female,Sales,Analyst,UG,Married,High,No
E0958,56,53613,8,58,23,9,5,Male,IT,Executive,UG,Single,High,No
E0959,57,55100,15,44,2,8,4,Male,Marketing,Manager,PG,Married,High,Yes
E0960,40,35722,4,41,29,9,2,Female,Marketing,Recruiter,PG,Married,Low,No
E0961,59,86154,20,43,1,6,3,Male,Sales,Tester,PG,Married,Low,Yes
E0962,34,73326,29,51,8,7,3,Female,Marketing,Tester,UG,Married,Low,No
E0963,52,40855,23,56,23,4,1,Male,Sales,Manager,UG,Single,High,No
E0964,59,39013,9,52,18,9,3,Female,Sales,Developer,PG,Married,High,No
E0965,42,75515,25,45,3,6,3,Female,Sales,Analyst,PG,Single,Medium,No
E0966,54,80555,22,46,24,3,2,Female,IT,Analyst,UG,Single,Low,Yes
E0967,55,82781,9,49,30,10,5,Female,Sales,Recruiter,PG,Single,Low,Yes
E0968,43,95183,26,41,20,4,1,Female,IT,Analyst,PG,Single,Low,No
E0969,43,98307,13,48,16,1,4,Female,HR,Tester,PG,Single,Low,Yes
E0970,37,87811,18,40,25,6,1,Male,Marketing,Developer,PG,Married,Medium,No
E0971,41,52593,22,42,7,2,2,Male,IT,Recruiter,PG,Single,Low,Yes
E0972,46,81940,30,40,24,7,2,Male,IT,Executive,PG,Single,Low,Yes
E0973,36,30746,11,49,9,6,5,Female,Sales,Manager,UG,Single,High,Yes
E0974,48,45675,21,59,8,9,5,Female,Sales,Developer,PG,Married,High,No
E0975,24,39577,25,41,9,4,4,Female,IT,Developer,PG,Married,Medium,No
E0976,31,61516,19,50,9,1,2,Female,HR,Developer,UG,Married,Medium,Yes
E0977,34,29924,22,52,14,4,4,Female,Marketing,Tester,PG,Married,Low,No
E0978,40,36610,19,40,13,2,5,Female,Marketing,Recruiter,UG,Married,Low,Yes
E0979,24,94103,4,43,3,1,3,Male,Finance,Analyst,UG,Single,Low,No
E0980,60,92071,23,57,22,4,5,Male,HR,Analyst,UG,Married,High,Yes
E0981,22,77996,27,51,19,6,2,Female,Marketing,Tester,UG,Single,Low,No
E0982,32,30862,8,60,3,2,1,Female,IT,Analyst,PG,Single,Low,No
E0983,28,90767,3,55,3,8,5,Female,Finance,Recruiter,PG,Single,Medium,Yes
E0984,39,86512,11,43,2,8,4,Male,HR,Manager,UG,Married,High,No
E0985,37,88960,18,57,24,8,2,Female,IT,Developer,PG,Married,High,No
E0986,42,26928,4,52,16,9,1,Female,Finance,Executive,UG,Single,Low,No
E0987,48,38156,23,47,18,8,4,Male,Sales,Analyst,UG,Married,Medium,No
E0988,58,56901,18,59,14,2,3,Female,Finance,Tester,UG,Single,Low,Yes
E0989,42,60574,23,48,17,1,2,Female,HR,Developer,PG,Single,High,Yes
E0990,40,44138,5,46,9,6,2,Male,Marketing,Executive,PG,Married,Low,Yes
E0991,40,56458,29,59,13,4,1,Male,HR,Tester,UG,Married,High,No
E0992,30,30583,27,45,29,3,2,Male,IT,Analyst,UG,Married,High,Yes
E0993,57,98950,10,40,4,10,2,Female,Sales,Executive,UG,Single,Medium,Yes
E0994,59,97664,22,48,30,1,3,Female,Marketing,Tester,PG,Single,Low,No
E0995,45,80427,14,45,26,6,1,Male,Sales,Analyst,PG,Single,Medium,Yes
E0996,33,83480,21,56,2,1,4,Male,Finance,Executive,PG,Married,Medium,No
E0997,22,28597,11,41,14,2,5,Male,IT,Executive,PG,Married,Low,No
E0998,43,37728,26,54,16,1,5,Female,IT,Executive,PG,Married,High,Yes
E0999,36,54452,2,59,6,10,2,Female,HR,Analyst,PG,Married,Low,No
E1000,26,42209,16,57,21,1,5,Male,Finance,Tester,UG,Single,High,Yes
