Employee ID,Age,Salary,Experience,Work Hours,Distance From Home,Number of Projects,Performance Rating,Gender,Department ID,Job Role ID,Education Level,Marital Status,Job Satisfaction,Attrition
E0001,33,"87,312.00",27.00,48.00,26,10,4,Male,D1,J1,PG,Single,Medium,No
E0002,32,"78,920.00",1.00,44.00,13,6,4,Male,D2,J2,UG,Married,Medium,Yes
E0003,58,"36,807.00",21.00,51.00,25,9,2,Female,D3,J3,UG,Single,High,No
E0004,43,"43,899.00",17.00,44.00,9,1,3,Female,D3,J3,PG,Single,High,No
E0005,59,"87,571.00",4.00,45.00,16,2,5,Male,D4,J3,UG,Married,Medium,No
E0006,54,"48,226.00",4.00,59.00,21,5,4,Female,D5,J3,PG,Married,Medium,Yes
E0007,25,"29,053.00",14.00,48.00,11,2,3,Female,D5,J4,UG,Married,High,Yes
E0008,55,"47,446.00",14.00,49.00,11,2,2,Male,D4,J5,PG,Married,Low,No
E0009,44,"87,369.00",22.00,57.00,9,1,5,Male,D4,J3,PG,Single,Medium,Yes
E0010,24,"84,858.00",8.00,46.00,13,4,2,Male,D1,J6,UG,Married,Medium,No
E0011,57,"68,887.00",21.00,60.00,29,7,3,Female,D4,J2,PG,Single,Medium,Yes
E0012,46,"27,769.00",5.00,51.00,2,4,4,Male,D3,J1,PG,Single,High,No
E0013,38,"63,397.00",6.00,44.00,20,7,3,Female,D5,J6,PG,Married,Low,No
E0014,29,"47,369.00",13.00,43.00,26,5,1,Female,D1,J3,UG,Single,Medium,No
E0015,44,"29,318.00",21.00,43.00,29,3,5,Female,D2,J4,UG,Single,Medium,Yes
E0016,44,"69,452.00",19.00,52.00,28,1,4,Male,D1,J4,PG,Single,Medium,Yes
E0017,58,"79,883.00",15.00,42.00,8,7,3,Male,D1,J3,UG,Married,Medium,Yes
E0018,32,"38,583.00",8.00,43.00,13,8,5,Male,D3,J2,PG,Single,Medium,No
E0019,41,"67,133.00",8.00,41.00,13,10,1,Male,D4,J1,UG,Married,Medium,Yes
E0020,24,"58,670.00",18.00,55.00,12,7,4,Female,D5,J4,PG,Single,Low,No
E0021,28,"71,677.00",26.00,42.00,27,2,3,Female,D2,J4,UG,Married,Medium,No
E0022,36,"39,674.00",9.00,54.00,11,2,2,Male,D2,J2,UG,Married,High,Yes
E0023,46,"77,199.00",28.00,46.00,19,8,1,Female,D3,J4,PG,Single,Medium,Yes
E0024,46,"94,237.00",30.00,46.00,17,1,4,Female,D4,J1,UG,Single,High,No
E0025,59,"71,940.00",20.00,44.00,7,2,4,Male,D3,J2,UG,Single,High,No
E0026,34,"84,862.00",21.00,41.00,20,10,2,Female,D1,J6,PG,Single,Low,No
E0027,54,"81,025.00",26.00,55.00,10,6,1,Female,D4,J4,PG,Single,Low,No
E0028,51,"95,968.00",11.00,43.00,14,1,5,Female,D3,J2,UG,Single,Medium,No
E0029,31,"91,278.00",24.00,53.00,5,3,3,Female,D4,J4,PG,Married,High,No
E0030,42,"30,381.00",15.00,52.00,24,6,5,Male,D2,J3,PG,Single,Medium,No
E0031,52,"85,395.00",11.00,47.00,28,2,4,Female,D3,J6,UG,Single,High,Yes
E0032,35,"44,399.00",20.00,40.00,22,3,1,Male,D2,J4,PG,Married,Medium,No
E0033,43,"28,558.00",20.00,59.00,24,3,4,Male,D2,J4,UG,Married,High,No
E0034,41,"89,145.00",25.00,48.00,16,6,5,Female,D4,J3,PG,Married,Medium,No
E0035,43,"76,223.00",19.00,57.00,24,3,2,Female,D2,J4,PG,Married,High,Yes
E0036,48,"42,262.00",4.00,55.00,23,1,1,Male,D2,J6,UG,Single,Low,Yes
E0037,27,"61,911.00",1.00,47.00,2,5,5,Female,D3,J2,UG,Single,Low,No
E0038,29,"54,983.00",12.00,48.00,3,6,2,Male,D1,J1,PG,Married,Medium,Yes
E0039,33,"67,181.00",15.00,46.00,23,3,5,Male,D5,J3,UG,Single,High,Yes
E0040,58,"55,856.00",14.00,44.00,17,3,2,Male,D3,J1,PG,Single,High,Yes
E0041,30,"66,833.00",4.00,50.00,26,1,2,Male,D2,J6,UG,Married,High,No
E0042,51,"29,460.00",22.00,50.00,3,10,2,Female,D2,J5,PG,Married,Medium,No
E0043,41,"55,787.00",8.00,40.00,5,1,2,Male,D1,J2,UG,Married,Medium,Yes
E0044,35,"32,955.00",8.00,54.00,12,8,1,Female,D1,J3,UG,Married,Medium,No
E0045,45,"63,836.00",18.00,54.00,30,5,3,Female,D3,J6,PG,Single,Low,Yes
E0046,42,"39,289.00",27.00,43.00,20,8,4,Male,D1,J4,PG,Single,Low,Yes
E0047,52,"31,678.00",14.00,46.00,13,4,2,Male,D3,J4,PG,Single,Medium,No
E0048,49,"85,183.00",8.00,57.00,13,10,1,Male,D5,J4,PG,Single,Low,Yes
E0049,30,"61,867.00",23.00,56.00,5,6,1,Male,D2,J5,PG,Single,High,Yes
E0050,54,"99,169.00",7.00,59.00,1,8,3,Female,D3,J3,UG,Married,Medium,No
E0051,53,"34,235.00",27.00,42.00,18,4,5,Female,D2,J5,UG,Single,Medium,No
E0052,29,"63,208.00",10.00,59.00,20,1,2,Male,D4,J3,UG,Married,Medium,No
E0053,27,"39,256.00",11.00,45.00,11,4,2,Male,D5,J5,UG,Married,Medium,Yes
E0054,27,"25,640.00",11.00,47.00,25,5,2,Female,D1,J4,PG,Married,Low,No
E0055,24,"65,997.00",4.00,53.00,3,5,4,Female,D4,J2,UG,Single,Medium,No
E0056,55,"57,562.00",24.00,44.00,15,7,5,Female,D2,J2,UG,Married,High,Yes
E0057,52,"31,998.00",16.00,47.00,9,10,4,Female,D4,J1,UG,Single,High,No
E0058,53,"76,559.00",16.00,40.00,8,8,3,Male,D1,J5,UG,Single,Medium,Yes
E0059,26,"75,139.00",6.00,60.00,11,10,3,Female,D3,J1,PG,Married,Low,No
E0060,24,"99,084.00",29.00,43.00,11,5,5,Male,D1,J2,UG,Single,Low,No
E0061,52,"88,557.00",28.00,54.00,10,10,1,Female,D4,J4,UG,Married,High,Yes
E0062,27,"74,151.00",25.00,54.00,22,8,3,Male,D3,J5,PG,Married,High,Yes
E0063,50,"33,393.00",12.00,58.00,29,6,3,Female,D5,J2,UG,Married,Medium,Yes
E0064,30,"26,796.00",26.00,51.00,9,3,2,Male,D4,J1,UG,Single,High,No
E0065,55,"42,984.00",27.00,44.00,10,8,2,Male,D3,J4,UG,Married,High,No
E0066,22,"36,096.00",15.00,44.00,22,10,4,Male,D4,J4,PG,Married,Low,Yes
E0067,35,"90,370.00",29.00,47.00,19,2,4,Male,D1,J1,UG,Single,Low,Yes
E0068,30,"49,183.00",23.00,54.00,7,2,4,Female,D4,J4,PG,Married,High,Yes
E0069,37,"88,391.00",17.00,43.00,1,5,3,Male,D4,J2,PG,Married,Low,Yes
E0070,54,"58,556.00",4.00,50.00,6,10,4,Male,D2,J2,PG,Married,High,No
E0071,54,"96,031.00",17.00,58.00,29,5,1,Male,D3,J5,PG,Single,High,No
E0072,24,"69,147.00",17.00,40.00,12,10,3,Female,D2,J2,PG,Married,High,Yes
E0073,25,"99,133.00",26.00,42.00,2,7,4,Male,D4,J1,UG,Married,High,Yes
E0074,58,"60,795.00",23.00,57.00,10,5,4,Female,D4,J4,PG,Single,Medium,Yes
E0075,48,"98,393.00",18.00,58.00,26,7,2,Male,D2,J1,UG,Married,High,No
E0076,25,"45,927.00",19.00,48.00,19,10,4,Female,D3,J5,UG,Single,Low,No
E0077,29,"26,528.00",2.00,52.00,21,2,2,Female,D1,J2,UG,Married,Low,No
E0078,47,"92,873.00",20.00,41.00,13,10,5,Male,D3,J2,UG,Married,Medium,Yes
E0079,32,"79,956.00",25.00,41.00,6,6,1,Male,D3,J2,PG,Single,High,Yes
E0080,34,"29,387.00",30.00,43.00,22,8,1,Male,D5,J6,PG,Married,High,Yes
E0081,26,"67,216.00",2.00,43.00,21,3,4,Male,D5,J5,UG,Single,Medium,No
E0082,38,"63,281.00",3.00,54.00,8,10,3,Male,D2,J6,PG,Single,High,Yes
E0083,23,"71,872.00",16.00,50.00,6,5,5,Male,D1,J2,UG,Single,Low,Yes
E0084,43,"74,617.00",21.00,57.00,6,10,4,Male,D3,J1,UG,Married,Medium,Yes
E0085,22,"75,075.00",18.00,53.00,8,2,3,Female,D5,J1,UG,Single,High,No
E0086,36,"79,588.00",5.00,43.00,15,2,1,Female,D5,J2,PG,Single,High,No
E0087,27,"89,454.00",19.00,45.00,27,3,1,Female,D3,J6,PG,Married,Low,Yes
E0088,47,"40,764.00",18.00,40.00,19,3,2,Male,D2,J3,PG,Married,High,No
E0089,43,"92,705.00",17.00,56.00,30,6,2,Female,D4,J3,UG,Married,High,No
E0090,58,"54,515.00",13.00,52.00,21,5,4,Male,D2,J5,PG,Single,Medium,Yes
E0091,33,"81,890.00",8.00,43.00,5,2,2,Male,D4,J1,UG,Single,High,No
E0092,23,"69,400.00",18.00,40.00,28,1,4,Female,D1,J3,UG,Single,Medium,No
E0093,53,"67,974.00",13.00,48.00,14,5,5,Male,D4,J6,PG,Single,Medium,Yes
E0094,49,"71,085.00",27.00,60.00,13,1,4,Female,D1,J1,PG,Single,High,No
E0095,45,"53,898.00",30.00,57.00,26,3,5,Male,D2,J1,PG,Married,Medium,Yes
E0096,36,"86,072.00",14.00,44.00,30,3,5,Female,D2,J3,PG,Married,Medium,Yes
E0097,43,"64,687.00",5.00,44.00,8,6,5,Male,D3,J1,PG,Married,Low,No
E0098,29,"96,104.00",20.00,49.00,23,1,1,Male,D3,J6,PG,Single,Low,No
E0099,48,"51,717.00",10.00,52.00,8,2,1,Male,D4,J5,UG,Single,Medium,Yes
E0100,43,"64,514.00",3.00,50.00,27,6,1,Female,D2,J2,UG,Married,Medium,No
E0101,37,"30,592.00",12.00,46.00,30,1,2,Female,D2,J6,UG,Single,Low,No
E0102,27,"86,143.00",14.00,43.00,26,4,2,Male,D1,J6,PG,Married,Low,Yes
E0103,28,"66,137.00",12.00,46.00,27,5,4,Male,D5,J1,UG,Married,Low,No
E0104,38,"57,967.00",25.00,45.00,15,8,5,Male,D3,J1,PG,Single,Low,Yes
E0105,60,"44,127.00",25.00,55.00,16,3,3,Female,D5,J5,UG,Single,Low,Yes
E0106,58,"39,252.00",15.00,44.00,9,1,5,Female,D1,J1,UG,Single,Medium,Yes
E0107,49,"97,807.00",20.00,51.00,10,10,3,Female,D5,J1,UG,Single,Low,Yes
E0108,29,"41,853.00",11.00,47.00,6,4,2,Female,D4,J2,PG,Married,Low,Yes
E0109,50,"89,681.00",13.00,59.00,8,9,2,Male,D4,J4,PG,Single,Medium,No
E0110,26,"76,170.00",26.00,50.00,6,5,2,Male,D1,J5,PG,Married,High,No
E0111,46,"72,379.00",13.00,55.00,5,4,3,Female,D4,J5,UG,Single,Medium,No
E0112,29,"43,129.00",2.00,52.00,11,3,3,Male,D1,J2,PG,Married,High,No
E0113,30,"68,703.00",27.00,43.00,19,2,3,Male,D1,J3,UG,Single,Low,No
E0114,48,"33,460.00",4.00,53.00,3,4,4,Male,D3,J5,PG,Single,Medium,No
E0115,24,"92,861.00",11.00,49.00,14,2,1,Female,D1,J3,PG,Married,Medium,No
E0116,44,"89,861.00",4.00,55.00,23,7,3,Male,D1,J5,UG,Single,Medium,No
E0117,60,"76,824.00",8.00,51.00,6,5,5,Female,D5,J1,PG,Single,Medium,No
E0118,45,"71,676.00",22.00,55.00,27,9,2,Male,D2,J4,UG,Married,Low,No
E0119,22,"64,607.00",30.00,49.00,21,6,5,Female,D4,J2,PG,Single,Low,Yes
E0120,56,"54,624.00",22.00,43.00,27,9,5,Male,D2,J5,UG,Single,High,Yes
E0121,57,"56,010.00",15.00,46.00,20,9,2,Female,D2,J4,PG,Single,High,No
E0122,24,"84,317.00",11.00,55.00,11,2,4,Male,D2,J1,UG,Married,Low,No
E0123,33,"85,197.00",15.00,51.00,25,8,4,Male,D2,J2,UG,Married,High,No
E0124,25,"69,697.00",13.00,48.00,21,6,4,Female,D3,J2,UG,Single,High,No
E0125,43,"67,135.00",30.00,48.00,5,10,4,Female,D5,J1,PG,Single,High,Yes
E0126,56,"57,548.00",9.00,44.00,19,8,4,Male,D4,J4,PG,Married,Medium,Yes
E0127,28,"79,194.00",4.00,59.00,15,5,3,Female,D5,J4,UG,Married,High,No
E0128,41,"58,589.00",20.00,42.00,22,7,1,Male,D5,J4,UG,Married,Medium,Yes
E0129,24,"33,958.00",2.00,56.00,16,1,2,Female,D1,J6,PG,Single,Medium,No
E0130,47,"40,916.00",22.00,42.00,25,1,4,Male,D4,J6,UG,Single,Low,No
E0131,43,"37,325.00",10.00,60.00,19,3,2,Female,D3,J4,UG,Single,Medium,No
E0132,50,"27,279.00",29.00,47.00,26,2,3,Female,D4,J2,UG,Single,Medium,No
E0133,23,"59,521.00",8.00,54.00,29,2,1,Male,D2,J3,PG,Married,High,No
E0134,36,"48,922.00",8.00,46.00,30,9,1,Male,D5,J1,UG,Single,Low,Yes
E0135,47,"36,092.00",19.00,41.00,25,4,1,Male,D1,J6,PG,Married,Medium,No
E0136,36,"67,765.00",15.00,45.00,12,3,4,Male,D4,J6,UG,Single,High,Yes
E0137,59,"88,041.00",19.00,59.00,2,7,3,Male,D5,J2,PG,Married,High,Yes
E0138,23,"56,115.00",25.00,59.00,23,10,2,Male,D4,J3,PG,Married,High,Yes
E0139,34,"26,208.00",7.00,60.00,9,9,3,Female,D2,J2,PG,Married,Medium,Yes
E0140,43,"39,605.00",19.00,48.00,15,10,4,Male,D3,J2,PG,Married,Low,Yes
E0141,58,"61,077.00",29.00,54.00,27,7,3,Female,D4,J1,UG,Single,Low,Yes
E0142,30,"94,188.00",12.00,43.00,19,9,2,Female,D2,J1,PG,Married,High,No
E0143,52,"43,909.00",22.00,45.00,22,6,1,Male,D5,J1,UG,Single,Low,No
E0144,57,"42,742.00",10.00,42.00,21,7,3,Male,D3,J3,PG,Single,Low,Yes
E0145,33,"88,608.00",28.00,48.00,15,7,4,Female,D1,J2,PG,Single,Low,No
E0146,48,"37,170.00",9.00,48.00,15,2,5,Female,D4,J6,PG,Single,High,No
E0147,45,"88,007.00",26.00,58.00,9,2,1,Female,D2,J5,PG,Married,Medium,No
E0148,59,"38,734.00",13.00,56.00,13,2,3,Female,D1,J2,PG,Single,Medium,No
E0149,56,"71,767.00",25.00,55.00,24,2,5,Female,D3,J2,UG,Married,High,Yes
E0150,32,"72,765.00",25.00,52.00,9,1,4,Female,D1,J5,PG,Single,Low,Yes
E0151,47,"36,709.00",29.00,57.00,6,8,1,Male,D2,J1,PG,Married,High,No
E0152,46,"36,819.00",20.00,47.00,11,4,1,Female,D1,J4,UG,Single,Low,No
E0153,43,"66,266.00",2.00,44.00,14,2,4,Male,D4,J3,PG,Single,High,Yes
E0154,40,"47,777.00",22.00,51.00,23,3,5,Male,D4,J4,PG,Single,Medium,No
E0155,42,"56,415.00",17.00,43.00,12,10,3,Female,D3,J1,UG,Married,Low,Yes
E0156,51,"39,016.00",2.00,46.00,1,3,2,Female,D5,J2,PG,Married,Medium,No
E0157,47,"95,418.00",30.00,59.00,19,4,5,Male,D1,J4,PG,Married,Medium,Yes
E0158,54,"78,098.00",18.00,40.00,30,10,5,Female,D2,J2,PG,Married,Low,No
E0159,26,"72,300.00",6.00,48.00,5,8,1,Female,D1,J1,PG,Married,High,No
E0160,38,"28,740.00",8.00,58.00,30,5,3,Male,D2,J4,PG,Married,High,Yes
E0161,39,"36,909.00",22.00,58.00,29,5,2,Male,D5,J2,UG,Married,Medium,No
E0162,28,"73,595.00",10.00,53.00,25,6,2,Female,D4,J3,PG,Married,Low,No
E0163,42,"95,971.00",1.00,59.00,8,7,2,Female,D4,J5,PG,Single,Medium,Yes
E0164,29,"53,204.00",23.00,53.00,15,7,5,Female,D1,J3,PG,Married,Low,Yes
E0165,22,"81,732.00",26.00,52.00,18,5,3,Male,D2,J6,UG,Married,High,No
E0166,31,"93,116.00",29.00,60.00,13,4,2,Male,D1,J6,PG,Married,High,Yes
E0167,60,"89,286.00",20.00,50.00,6,10,4,Female,D4,J3,UG,Single,Medium,No
E0168,29,"70,794.00",24.00,54.00,25,4,2,Male,D3,J4,UG,Married,Medium,Yes
E0169,33,"49,882.00",29.00,47.00,27,1,1,Female,D3,J2,PG,Single,Medium,No
E0170,29,"96,557.00",3.00,40.00,13,4,2,Male,D2,J6,UG,Single,Low,Yes
E0171,31,"70,011.00",25.00,54.00,6,6,2,Male,D4,J1,UG,Married,High,Yes
E0172,34,"58,977.00",29.00,50.00,25,10,4,Male,D1,J6,UG,Single,Medium,No
E0173,38,"62,489.00",8.00,53.00,18,2,4,Male,D2,J6,UG,Single,Medium,No
E0174,29,"31,440.00",29.00,47.00,28,8,3,Female,D5,J6,PG,Single,High,Yes
E0175,59,"51,435.00",4.00,56.00,26,4,4,Female,D3,J4,UG,Single,High,Yes
E0176,52,"46,517.00",30.00,55.00,16,6,3,Female,D5,J3,UG,Single,Medium,Yes
E0177,35,"46,169.00",23.00,55.00,10,5,5,Female,D2,J2,PG,Married,High,No
E0178,56,"54,858.00",20.00,53.00,7,3,5,Male,D1,J6,UG,Single,High,No
E0179,22,"99,745.00",23.00,43.00,21,2,4,Female,D3,J3,UG,Married,High,No
E0180,52,"66,542.00",3.00,53.00,6,10,2,Female,D2,J2,PG,Single,High,Yes
E0181,57,"87,743.00",3.00,51.00,11,8,5,Female,D5,J6,PG,Single,High,No
E0182,24,"99,685.00",28.00,53.00,1,5,4,Female,D2,J6,UG,Married,Medium,Yes
E0183,42,"68,088.00",30.00,40.00,13,9,4,Female,D1,J4,UG,Single,High,No
E0184,54,"56,566.00",14.00,43.00,29,7,4,Male,D3,J1,PG,Single,Medium,No
E0185,42,"93,414.00",25.00,50.00,1,8,1,Female,D4,J5,PG,Married,Low,Yes
E0186,40,"58,351.00",10.00,45.00,4,10,5,Female,D4,J2,PG,Single,Medium,Yes
E0187,27,"60,792.00",30.00,51.00,7,8,2,Male,D1,J1,UG,Married,Medium,Yes
E0188,53,"58,976.00",7.00,58.00,3,3,3,Female,D1,J4,PG,Married,Medium,No
E0189,30,"83,041.00",12.00,55.00,26,4,4,Male,D3,J4,UG,Married,Low,Yes
E0190,46,"88,300.00",19.00,40.00,25,10,4,Male,D2,J1,UG,Single,High,No
E0191,59,"95,003.00",16.00,55.00,16,7,3,Male,D4,J1,UG,Single,High,Yes
E0192,36,"61,354.00",28.00,56.00,15,10,4,Female,D3,J6,UG,Married,Medium,No
E0193,37,"81,821.00",27.00,45.00,10,3,1,Female,D1,J1,UG,Single,High,Yes
E0194,31,"71,984.00",28.00,43.00,9,9,3,Female,D1,J1,UG,Single,High,Yes
E0195,35,"33,825.00",5.00,57.00,23,4,3,Male,D2,J4,UG,Single,High,No
E0196,38,"28,223.00",6.00,57.00,28,10,4,Male,D4,J1,UG,Single,Low,No
E0197,29,"34,830.00",10.00,43.00,4,6,3,Female,D4,J2,PG,Single,Low,Yes
E0198,53,"42,302.00",25.00,51.00,23,3,3,Male,D4,J4,PG,Single,High,Yes
E0199,23,"76,588.00",20.00,50.00,9,10,3,Male,D1,J4,PG,Married,Medium,No
E0200,55,"55,851.00",9.00,49.00,23,3,5,Female,D5,J4,PG,Single,High,No
E0201,34,"49,590.00",20.00,56.00,2,5,4,Male,D4,J5,UG,Married,Low,Yes
E0202,41,"57,434.00",25.00,49.00,2,9,1,Female,D3,J3,PG,Single,High,No
E0203,29,"50,170.00",17.00,46.00,9,5,3,Female,D1,J5,PG,Married,High,No
E0204,60,"25,109.00",8.00,48.00,26,8,2,Female,D5,J6,UG,Married,High,No
E0205,41,"31,770.00",9.00,42.00,6,5,1,Female,D5,J5,PG,Single,High,Yes
E0206,52,"50,721.00",8.00,60.00,1,4,2,Male,D2,J2,PG,Single,Low,No
E0207,59,"84,420.00",6.00,43.00,20,6,3,Male,D2,J6,UG,Married,High,Yes
E0208,23,"94,800.00",30.00,43.00,29,1,5,Female,D1,J3,PG,Married,Low,No
E0209,48,"99,605.00",25.00,54.00,7,8,1,Female,D1,J5,PG,Single,Low,No
E0210,56,"78,368.00",16.00,48.00,2,8,2,Female,D5,J6,PG,Married,High,No
E0211,25,"96,902.00",30.00,49.00,5,9,1,Male,D2,J1,UG,Single,Low,Yes
E0212,30,"82,483.00",12.00,55.00,8,2,1,Female,D5,J3,PG,Married,Low,No
E0213,22,"41,456.00",11.00,43.00,30,10,2,Female,D2,J5,PG,Single,Medium,No
E0214,41,"53,532.00",18.00,46.00,11,2,1,Male,D3,J2,UG,Married,Medium,Yes
E0215,43,"64,408.00",8.00,52.00,30,5,3,Male,D2,J5,UG,Married,Low,Yes
E0216,50,"81,259.00",16.00,43.00,6,5,3,Male,D3,J4,UG,Married,Medium,Yes
E0217,33,"99,971.00",25.00,59.00,26,10,5,Female,D5,J4,UG,Married,Low,No
E0218,31,"57,803.00",23.00,59.00,14,7,1,Female,D3,J3,PG,Married,High,No
E0219,40,"94,120.00",26.00,40.00,15,4,2,Male,D5,J1,PG,Single,Low,Yes
E0220,29,"62,070.00",11.00,59.00,11,6,3,Male,D5,J6,UG,Married,Medium,Yes
E0221,52,"35,019.00",28.00,60.00,9,6,4,Male,D4,J2,UG,Married,Medium,No
E0222,24,"25,678.00",21.00,40.00,1,2,2,Female,D2,J6,PG,Single,Medium,Yes
E0223,43,"67,676.00",21.00,54.00,26,3,2,Male,D2,J4,UG,Single,High,Yes
E0224,26,"92,726.00",12.00,45.00,21,2,2,Female,D3,J4,UG,Married,Low,No
E0225,54,"64,945.00",5.00,58.00,5,6,4,Female,D5,J4,UG,Married,High,Yes
E0226,50,"39,381.00",1.00,42.00,12,1,3,Female,D4,J1,UG,Married,Medium,No
E0227,33,"63,057.00",18.00,60.00,16,6,5,Male,D2,J3,PG,Single,Medium,No
E0228,35,"42,225.00",25.00,58.00,16,7,1,Male,D5,J4,UG,Single,Medium,No
E0229,58,"68,317.00",18.00,42.00,4,7,2,Male,D2,J3,PG,Married,Medium,No
E0230,30,"86,800.00",3.00,50.00,7,7,1,Female,D3,J5,PG,Single,Medium,No
E0231,40,"89,842.00",24.00,47.00,28,10,1,Female,D1,J4,UG,Single,Low,No
E0232,33,"27,256.00",20.00,53.00,7,3,1,Female,D4,J3,UG,Single,Low,No
E0233,32,"32,276.00",18.00,58.00,4,2,4,Male,D5,J1,UG,Married,Low,No
E0234,59,"29,078.00",22.00,40.00,23,4,4,Male,D2,J4,PG,Married,Medium,No
E0235,34,"68,455.00",9.00,50.00,3,4,1,Female,D2,J2,PG,Married,Medium,No
E0236,50,"38,691.00",19.00,60.00,23,10,2,Female,D5,J4,UG,Single,Low,No
E0237,42,"34,079.00",10.00,56.00,7,6,3,Female,D3,J2,UG,Married,Medium,No
E0238,22,"25,569.00",4.00,54.00,1,5,2,Male,D1,J1,UG,Single,Low,No
E0239,57,"28,021.00",17.00,55.00,20,1,4,Male,D1,J6,PG,Single,Medium,No
E0240,35,"89,687.00",21.00,60.00,17,10,4,Male,D1,J3,UG,Married,Low,Yes
E0241,45,"71,973.00",17.00,51.00,3,10,4,Male,D5,J6,PG,Single,Medium,Yes
E0242,52,"59,213.00",25.00,48.00,6,7,3,Female,D2,J5,PG,Married,Low,Yes
E0243,24,"43,176.00",7.00,56.00,7,1,2,Female,D1,J4,UG,Single,Low,No
E0244,55,"48,420.00",22.00,50.00,7,5,4,Female,D5,J5,PG,Married,Medium,No
E0245,38,"43,959.00",24.00,54.00,30,9,3,Male,D2,J4,UG,Married,Low,No
E0246,25,"99,596.00",7.00,49.00,15,4,2,Male,D2,J2,PG,Single,High,No
E0247,47,"35,005.00",19.00,54.00,26,4,2,Female,D5,J2,PG,Married,High,Yes
E0248,23,"84,888.00",29.00,41.00,21,2,4,Female,D3,J1,UG,Married,Medium,Yes
E0249,50,"81,854.00",1.00,47.00,8,10,3,Female,D4,J5,PG,Married,Medium,Yes
E0250,38,"89,926.00",5.00,43.00,15,6,1,Female,D2,J6,UG,Married,Low,No
E0251,41,"64,704.00",8.00,43.00,1,10,5,Male,D5,J3,UG,Married,Low,No
E0252,24,"60,984.00",13.00,54.00,21,10,4,Female,D1,J2,UG,Single,Medium,Yes
E0253,42,"91,493.00",1.00,55.00,16,8,1,Male,D5,J3,PG,Married,Medium,No
E0254,49,"92,770.00",20.00,42.00,27,3,3,Female,D4,J6,PG,Married,Medium,Yes
E0255,38,"67,653.00",10.00,41.00,18,5,3,Male,D1,J3,UG,Single,High,Yes
E0256,54,"25,723.00",16.00,48.00,18,8,5,Female,D3,J3,PG,Married,Medium,No
E0257,36,"90,386.00",30.00,42.00,28,7,4,Female,D2,J3,UG,Single,Low,Yes
E0258,51,"63,468.00",26.00,54.00,29,7,3,Female,D2,J1,PG,Single,Low,Yes
E0259,42,"87,627.00",16.00,49.00,23,4,3,Male,D3,J6,PG,Single,Low,Yes
E0260,54,"30,295.00",12.00,49.00,16,1,3,Female,D2,J4,UG,Single,Low,No
E0261,43,"28,611.00",14.00,58.00,23,1,2,Female,D1,J2,PG,Single,Low,No
E0262,56,"85,688.00",18.00,49.00,13,9,4,Female,D2,J6,UG,Single,High,No
E0263,29,"45,571.00",23.00,56.00,1,1,5,Male,D1,J1,UG,Married,High,No
E0264,46,"78,833.00",8.00,47.00,3,9,5,Male,D1,J5,UG,Married,Low,Yes
E0265,22,"69,136.00",5.00,60.00,9,9,5,Female,D5,J4,PG,Married,Low,No
E0266,57,"43,371.00",9.00,45.00,22,9,2,Male,D3,J3,UG,Married,High,No
E0267,42,"67,777.00",30.00,58.00,11,9,5,Female,D2,J5,UG,Single,High,Yes
E0268,48,"30,703.00",19.00,56.00,25,8,4,Male,D1,J4,PG,Single,High,No
E0269,31,"38,008.00",23.00,54.00,23,4,4,Female,D3,J6,UG,Married,High,No
E0270,25,"27,772.00",3.00,56.00,12,3,5,Male,D2,J6,PG,Single,Low,Yes
E0271,41,"54,639.00",7.00,43.00,18,6,3,Female,D4,J5,UG,Single,Low,Yes
E0272,35,"57,387.00",24.00,60.00,17,9,1,Male,D2,J3,UG,Married,High,Yes
E0273,43,"46,516.00",23.00,45.00,19,5,2,Male,D1,J2,PG,Married,High,Yes
E0274,40,"26,685.00",11.00,54.00,11,3,3,Male,D3,J1,PG,Married,Medium,No
E0275,30,"48,552.00",6.00,50.00,2,10,2,Male,D1,J3,PG,Married,High,No
E0276,33,"60,096.00",18.00,51.00,1,5,2,Male,D2,J3,PG,Married,Low,No
E0277,39,"83,188.00",7.00,60.00,29,7,4,Male,D3,J6,UG,Single,Low,No
E0278,30,"62,525.00",17.00,43.00,11,5,5,Female,D2,J3,UG,Single,Low,No
E0279,22,"47,595.00",4.00,47.00,3,1,4,Female,D4,J6,UG,Married,High,No
E0280,38,"28,878.00",3.00,52.00,23,7,2,Male,D4,J6,UG,Married,High,No
E0281,54,"27,172.00",3.00,44.00,10,1,3,Female,D2,J6,PG,Married,High,No
E0282,51,"37,905.00",28.00,40.00,20,2,4,Male,D5,J6,PG,Single,High,Yes
E0283,40,"41,901.00",23.00,44.00,18,4,4,Male,D5,J2,PG,Married,High,No
E0284,26,"41,486.00",20.00,41.00,3,1,2,Female,D5,J1,PG,Single,High,No
E0285,49,"98,700.00",28.00,59.00,30,10,1,Male,D5,J4,UG,Married,Low,No
E0286,24,"62,345.00",7.00,42.00,26,2,5,Male,D1,J1,UG,Married,High,Yes
E0287,24,"84,606.00",26.00,55.00,28,6,4,Female,D2,J4,PG,Single,Medium,Yes
E0288,47,"52,281.00",18.00,42.00,27,4,2,Male,D1,J2,PG,Married,High,Yes
E0289,31,"92,770.00",23.00,56.00,10,10,2,Male,D4,J2,UG,Single,Medium,Yes
E0290,47,"59,250.00",22.00,40.00,4,1,3,Female,D2,J2,PG,Single,High,No
E0291,46,"64,326.00",3.00,46.00,14,8,2,Male,D5,J6,PG,Married,High,No
E0292,41,"76,275.00",8.00,54.00,12,10,5,Male,D2,J3,PG,Married,Low,No
E0293,26,"70,258.00",23.00,44.00,14,1,4,Male,D2,J2,UG,Single,High,Yes
E0294,27,"50,378.00",24.00,48.00,11,7,1,Male,D1,J3,PG,Married,Low,Yes
E0295,44,"78,983.00",29.00,55.00,10,4,2,Male,D3,J1,UG,Single,High,Yes
E0296,56,"54,969.00",13.00,40.00,2,10,5,Female,D5,J4,UG,Single,Low,Yes
E0297,37,"58,025.00",9.00,45.00,2,8,5,Male,D4,J4,UG,Single,Medium,No
E0298,39,"29,454.00",21.00,54.00,15,7,4,Male,D1,J6,UG,Single,Low,Yes
E0299,50,"69,643.00",22.00,52.00,26,9,3,Male,D1,J5,UG,Single,Medium,No
E0300,60,"53,891.00",16.00,43.00,28,9,4,Female,D3,J3,PG,Single,Low,No
E0301,40,"45,110.00",3.00,54.00,16,8,2,Female,D1,J2,PG,Married,High,No
E0302,37,"32,861.00",11.00,56.00,10,9,2,Female,D2,J4,UG,Single,Medium,Yes
E0303,60,"31,241.00",30.00,57.00,16,2,1,Female,D5,J5,UG,Single,Medium,No
E0304,38,"80,138.00",20.00,44.00,3,3,1,Female,D5,J5,PG,Married,Medium,Yes
E0305,55,"76,837.00",5.00,58.00,14,1,1,Male,D5,J2,PG,Single,Medium,Yes
E0306,34,"91,942.00",12.00,41.00,27,5,1,Male,D1,J2,PG,Single,Medium,No
E0307,30,"77,697.00",26.00,40.00,12,6,1,Female,D5,J5,UG,Single,Medium,No
E0308,42,"27,661.00",2.00,47.00,18,3,2,Female,D4,J5,UG,Single,Medium,No
E0309,57,"55,184.00",18.00,44.00,14,2,2,Female,D3,J4,PG,Single,High,Yes
E0310,33,"49,070.00",19.00,44.00,23,3,3,Male,D4,J3,UG,Married,High,No
E0311,37,"86,991.00",9.00,57.00,16,3,5,Male,D3,J6,PG,Married,Medium,Yes
E0312,54,"95,204.00",11.00,46.00,23,10,2,Male,D1,J2,UG,Single,Low,No
E0313,51,"29,467.00",19.00,42.00,7,7,3,Female,D2,J5,UG,Married,Low,No
E0314,60,"36,586.00",6.00,47.00,19,9,4,Female,D3,J1,PG,Single,Medium,No
E0315,60,"58,045.00",14.00,53.00,18,3,2,Male,D3,J5,UG,Married,Low,Yes
E0316,47,"64,992.00",12.00,45.00,28,9,2,Male,D5,J3,UG,Married,Low,No
E0317,55,"36,901.00",13.00,40.00,20,10,5,Male,D3,J5,PG,Single,High,No
E0318,33,"37,411.00",29.00,48.00,25,10,3,Female,D5,J4,PG,Married,High,No
E0319,36,"99,589.00",11.00,41.00,30,1,2,Male,D4,J2,PG,Single,Medium,Yes
E0320,23,"26,516.00",20.00,56.00,9,2,1,Female,D2,J3,UG,Single,Low,No
E0321,44,"75,494.00",1.00,51.00,6,9,3,Male,D4,J6,UG,Single,Low,Yes
E0322,39,"77,075.00",11.00,57.00,16,2,3,Male,D3,J3,PG,Married,Low,Yes
E0323,54,"52,934.00",7.00,50.00,15,8,3,Male,D2,J4,UG,Married,High,Yes
E0324,41,"29,937.00",21.00,43.00,7,1,1,Female,D3,J1,UG,Married,Low,Yes
E0325,51,"63,001.00",21.00,56.00,14,3,1,Female,D5,J1,PG,Married,Medium,Yes
E0326,56,"53,430.00",19.00,51.00,24,4,5,Female,D2,J3,UG,Married,High,Yes
E0327,54,"46,023.00",20.00,42.00,22,1,1,Male,D3,J1,PG,Married,Medium,No
E0328,46,"93,161.00",28.00,48.00,29,1,5,Male,D3,J1,UG,Married,Low,No
E0329,31,"95,260.00",23.00,57.00,11,7,1,Female,D1,J1,PG,Married,Medium,No
E0330,33,"94,862.00",25.00,52.00,16,4,4,Male,D3,J5,PG,Single,Low,Yes
E0331,23,"83,696.00",29.00,46.00,12,3,4,Male,D5,J3,PG,Married,Low,Yes
E0332,43,"97,933.00",5.00,60.00,4,7,3,Female,D3,J2,UG,Single,Low,Yes
E0333,39,"50,065.00",19.00,46.00,3,6,1,Male,D3,J2,UG,Married,Medium,Yes
E0334,55,"44,657.00",24.00,49.00,30,4,1,Male,D2,J3,PG,Married,High,No
E0335,31,"37,273.00",10.00,41.00,24,7,3,Female,D4,J6,UG,Single,Medium,Yes
E0336,48,"49,771.00",15.00,48.00,25,10,1,Male,D5,J4,UG,Single,High,Yes
E0337,26,"40,747.00",14.00,55.00,10,5,5,Male,D1,J3,PG,Single,High,No
E0338,29,"52,743.00",7.00,59.00,3,8,4,Female,D2,J6,UG,Married,Low,Yes
E0339,31,"40,617.00",11.00,40.00,23,7,2,Male,D1,J1,PG,Married,High,No
E0340,49,"66,904.00",2.00,40.00,12,3,1,Female,D1,J1,PG,Married,Low,No
E0341,53,"84,822.00",12.00,41.00,28,5,3,Male,D2,J5,UG,Single,Medium,Yes
E0342,52,"78,735.00",7.00,55.00,30,3,1,Male,D5,J1,PG,Married,High,No
E0343,57,"39,538.00",6.00,57.00,13,4,4,Female,D3,J6,UG,Married,High,Yes
E0344,29,"82,173.00",18.00,50.00,22,1,1,Female,D3,J6,UG,Single,Low,Yes
E0345,33,"51,436.00",4.00,56.00,14,5,3,Male,D4,J1,PG,Married,High,No
E0346,38,"39,032.00",23.00,53.00,30,10,5,Male,D3,J4,UG,Married,Medium,Yes
E0347,40,"81,491.00",14.00,44.00,3,1,4,Female,D5,J6,UG,Married,Medium,Yes
E0348,47,"83,218.00",18.00,46.00,3,5,1,Male,D1,J2,PG,Single,Medium,Yes
E0349,22,"60,781.00",9.00,51.00,2,5,3,Male,D3,J2,UG,Single,Low,No
E0350,50,"63,722.00",21.00,46.00,25,7,4,Male,D5,J3,UG,Single,High,No
E0351,35,"53,257.00",13.00,45.00,6,5,4,Female,D2,J5,UG,Married,Low,No
E0352,35,"37,022.00",25.00,57.00,2,2,3,Female,D2,J5,PG,Married,Medium,Yes
E0353,35,"59,419.00",13.00,45.00,23,3,5,Female,D1,J4,PG,Married,Low,Yes
E0354,24,"70,161.00",14.00,59.00,19,8,4,Male,D3,J3,PG,Married,Low,Yes
E0355,54,"55,948.00",18.00,58.00,3,1,4,Female,D2,J5,PG,Married,Medium,Yes
E0356,22,"69,200.00",9.00,47.00,27,5,5,Male,D4,J4,PG,Single,Medium,No
E0357,24,"28,014.00",15.00,53.00,3,9,1,Female,D5,J2,PG,Single,High,Yes
E0358,54,"56,981.00",8.00,46.00,24,4,5,Female,D3,J2,UG,Single,Medium,Yes
E0359,35,"28,040.00",11.00,53.00,18,2,4,Male,D1,J5,PG,Single,Medium,Yes
E0360,45,"36,301.00",1.00,60.00,13,4,1,Female,D3,J6,PG,Single,Low,No
E0361,24,"40,728.00",27.00,53.00,27,6,3,Male,D5,J2,UG,Single,Low,No
E0362,31,"38,672.00",23.00,45.00,3,6,5,Female,D5,J2,UG,Married,Low,No
E0363,59,"65,586.00",11.00,48.00,11,6,4,Female,D2,J1,UG,Married,High,No
E0364,33,"52,578.00",22.00,59.00,20,9,3,Female,D4,J1,UG,Married,Low,No
E0365,53,"34,961.00",23.00,43.00,19,8,3,Female,D4,J4,PG,Single,Low,No
E0366,49,"63,627.00",13.00,42.00,18,10,2,Male,D1,J2,PG,Single,High,Yes
E0367,27,"38,664.00",7.00,52.00,20,7,3,Male,D4,J1,PG,Single,Medium,No
E0368,27,"56,526.00",29.00,47.00,22,9,4,Female,D2,J1,UG,Married,High,Yes
E0369,58,"76,509.00",13.00,54.00,7,3,4,Male,D2,J3,UG,Married,Medium,Yes
E0370,39,"59,516.00",9.00,58.00,15,8,2,Female,D5,J2,PG,Married,High,No
E0371,60,"29,185.00",25.00,56.00,20,8,2,Female,D4,J2,UG,Married,Low,Yes
E0372,39,"49,371.00",18.00,51.00,12,4,4,Female,D3,J4,UG,Single,High,No
E0373,39,"60,242.00",15.00,49.00,16,9,3,Female,D5,J6,UG,Married,Low,No
E0374,25,"54,904.00",21.00,48.00,11,3,4,Male,D3,J4,UG,Single,High,No
E0375,45,"35,099.00",11.00,46.00,29,10,2,Male,D3,J4,UG,Married,Medium,No
E0376,24,"30,557.00",4.00,43.00,23,9,2,Female,D1,J6,UG,Married,Medium,Yes
E0377,38,"52,613.00",9.00,51.00,1,7,1,Female,D2,J6,UG,Married,Medium,Yes
E0378,38,"88,869.00",3.00,46.00,2,2,3,Male,D5,J5,UG,Single,Medium,No
E0379,46,"99,656.00",20.00,58.00,27,2,3,Male,D3,J3,UG,Married,Medium,Yes
E0380,39,"70,148.00",1.00,48.00,11,1,4,Male,D4,J2,UG,Single,High,No
E0381,46,"44,751.00",13.00,41.00,9,8,5,Female,D5,J4,UG,Single,High,No
E0382,28,"62,396.00",2.00,54.00,2,2,4,Male,D2,J6,UG,Married,Low,Yes
E0383,54,"39,541.00",19.00,51.00,1,2,4,Male,D2,J6,UG,Married,Low,Yes
E0384,58,"40,422.00",10.00,59.00,26,3,3,Male,D3,J4,PG,Married,High,Yes
E0385,31,"74,688.00",24.00,49.00,19,3,4,Female,D1,J2,UG,Single,High,Yes
E0386,52,"54,074.00",12.00,60.00,18,4,5,Female,D5,J1,UG,Single,Low,Yes
E0387,29,"97,110.00",9.00,58.00,25,2,3,Male,D2,J1,UG,Married,Medium,No
E0388,39,"65,985.00",7.00,46.00,23,10,1,Male,D2,J3,UG,Married,High,Yes
E0389,55,"50,899.00",19.00,60.00,1,10,2,Male,D2,J4,UG,Married,Medium,Yes
E0390,22,"88,733.00",8.00,57.00,5,1,1,Female,D5,J6,UG,Single,High,Yes
E0391,39,"58,963.00",6.00,48.00,3,3,5,Male,D5,J6,PG,Single,Medium,No
E0392,30,"82,898.00",29.00,47.00,1,6,5,Female,D5,J4,PG,Single,High,Yes
E0393,53,"93,148.00",13.00,47.00,7,3,3,Female,D5,J1,PG,Single,Medium,No
E0394,43,"29,091.00",2.00,51.00,19,2,1,Female,D1,J4,UG,Single,Medium,No
E0395,52,"39,575.00",13.00,43.00,22,2,4,Female,D2,J3,PG,Married,Medium,Yes
E0396,49,"79,255.00",13.00,56.00,30,6,1,Male,D5,J2,PG,Single,High,Yes
E0397,58,"36,520.00",12.00,60.00,5,2,4,Male,D4,J1,UG,Single,Medium,Yes
E0398,47,"85,672.00",24.00,52.00,26,4,3,Male,D5,J4,PG,Single,Low,No
E0399,57,"90,423.00",18.00,47.00,19,9,1,Female,D5,J6,PG,Single,Medium,No
E0400,42,"65,094.00",2.00,46.00,30,3,2,Female,D3,J4,PG,Single,Medium,No
E0401,23,"63,601.00",9.00,40.00,17,9,5,Female,D4,J1,PG,Married,Medium,Yes
E0402,47,"94,710.00",22.00,50.00,27,6,5,Male,D3,J5,UG,Married,Low,No
E0403,58,"68,150.00",20.00,59.00,3,3,5,Male,D2,J2,UG,Single,Medium,Yes
E0404,53,"35,249.00",26.00,40.00,17,6,4,Female,D1,J3,UG,Married,Low,Yes
E0405,59,"39,847.00",30.00,56.00,6,2,4,Female,D4,J6,UG,Married,Low,Yes
E0406,27,"90,280.00",18.00,44.00,17,2,1,Male,D1,J3,UG,Married,Low,No
E0407,35,"35,095.00",29.00,59.00,28,5,2,Female,D4,J6,PG,Single,Medium,No
E0408,29,"93,210.00",15.00,57.00,30,2,2,Female,D5,J3,UG,Single,High,No
E0409,37,"89,005.00",10.00,52.00,24,3,1,Male,D4,J6,PG,Married,Medium,Yes
E0410,30,"45,496.00",11.00,46.00,24,8,4,Female,D5,J3,UG,Single,Medium,No
E0411,22,"48,289.00",18.00,60.00,10,8,4,Male,D3,J5,UG,Single,Low,Yes
E0412,32,"87,435.00",15.00,57.00,27,2,2,Female,D5,J6,UG,Single,Medium,No
E0413,53,"25,749.00",16.00,40.00,22,2,3,Female,D3,J3,PG,Single,High,Yes
E0414,54,"76,984.00",16.00,55.00,14,3,2,Female,D4,J1,UG,Single,Low,Yes
E0415,48,"36,445.00",22.00,54.00,4,5,3,Male,D5,J4,UG,Married,Medium,Yes
E0416,41,"68,446.00",18.00,54.00,13,9,3,Male,D4,J2,UG,Married,High,Yes
E0417,57,"60,025.00",17.00,41.00,3,3,2,Female,D2,J3,UG,Married,Low,No
E0418,37,"81,451.00",21.00,53.00,23,9,4,Male,D4,J5,PG,Married,Low,No
E0419,30,"92,372.00",28.00,51.00,3,5,2,Female,D2,J1,PG,Single,High,No
E0420,32,"98,051.00",2.00,50.00,1,2,1,Female,D3,J6,PG,Single,High,Yes
E0421,46,"90,161.00",3.00,40.00,22,3,3,Male,D1,J1,UG,Married,Low,Yes
E0422,39,"31,097.00",8.00,50.00,14,2,4,Female,D5,J5,PG,Married,Medium,Yes
E0423,27,"90,046.00",28.00,54.00,30,7,2,Female,D5,J1,UG,Single,Low,No
E0424,46,"44,728.00",18.00,42.00,1,1,1,Female,D2,J6,UG,Single,High,Yes
E0425,24,"54,754.00",19.00,49.00,27,9,1,Female,D3,J2,UG,Single,High,No
E0426,54,"67,309.00",10.00,55.00,8,8,3,Female,D1,J6,UG,Single,Low,Yes
E0427,49,"52,358.00",11.00,42.00,8,9,3,Male,D4,J1,PG,Single,Medium,No
E0428,59,"76,012.00",20.00,47.00,7,4,5,Male,D4,J1,PG,Married,Low,Yes
E0429,52,"75,597.00",30.00,53.00,8,5,1,Male,D4,J4,UG,Married,High,No
E0430,50,"79,868.00",7.00,52.00,3,4,4,Male,D1,J5,UG,Married,Medium,No
E0431,54,"32,576.00",9.00,50.00,4,4,5,Male,D4,J6,UG,Married,Low,Yes
E0432,41,"66,289.00",17.00,56.00,3,4,2,Male,D3,J6,UG,Married,Low,No
E0433,32,"56,155.00",25.00,56.00,15,7,3,Female,D4,J4,PG,Single,Low,No
E0434,25,"77,408.00",17.00,52.00,4,5,1,Male,D1,J3,PG,Married,Medium,Yes
E0435,50,"40,874.00",3.00,56.00,10,10,5,Male,D4,J6,PG,Single,Low,No
E0436,49,"66,118.00",6.00,43.00,21,10,5,Female,D3,J6,PG,Single,Medium,No
E0437,47,"66,263.00",17.00,50.00,6,2,5,Male,D5,J1,UG,Single,Medium,No
E0438,40,"74,470.00",22.00,50.00,4,9,3,Male,D3,J5,UG,Married,Medium,No
E0439,59,"54,196.00",28.00,60.00,24,3,2,Female,D2,J6,UG,Single,Low,No
E0440,42,"69,057.00",24.00,51.00,20,1,2,Male,D3,J4,UG,Single,High,No
E0441,53,"31,568.00",28.00,54.00,9,6,2,Male,D3,J1,UG,Married,High,No
E0442,27,"50,220.00",16.00,47.00,1,2,5,Female,D3,J6,PG,Married,Medium,Yes
E0443,40,"56,656.00",7.00,52.00,22,9,3,Female,D2,J3,UG,Single,Medium,No
E0444,41,"61,075.00",2.00,58.00,26,6,4,Female,D3,J5,UG,Married,Low,No
E0445,26,"57,184.00",27.00,48.00,23,2,1,Male,D1,J5,UG,Single,High,No
E0446,27,"80,228.00",19.00,55.00,10,9,4,Male,D5,J1,UG,Married,Low,No
E0447,46,"60,416.00",8.00,40.00,30,10,4,Female,D2,J2,PG,Married,Low,Yes
E0448,47,"88,294.00",19.00,60.00,1,7,5,Male,D3,J4,PG,Single,Medium,No
E0449,43,"82,096.00",26.00,59.00,24,10,5,Female,D1,J2,UG,Married,Low,Yes
E0450,37,"26,595.00",24.00,53.00,26,6,3,Female,D5,J3,UG,Married,Low,No
E0451,44,"27,208.00",16.00,52.00,3,9,1,Male,D2,J6,UG,Married,Medium,No
E0452,55,"70,373.00",16.00,49.00,17,8,2,Male,D2,J6,UG,Single,High,No
E0453,25,"89,447.00",21.00,54.00,29,8,4,Male,D3,J6,PG,Single,High,No
E0454,59,"50,983.00",25.00,52.00,17,10,1,Female,D2,J2,PG,Single,Low,Yes
E0455,23,"63,231.00",27.00,47.00,20,9,5,Male,D5,J1,PG,Single,Low,Yes
E0456,26,"89,590.00",24.00,43.00,13,1,5,Female,D4,J4,PG,Married,High,Yes
E0457,39,"38,684.00",7.00,48.00,5,6,1,Male,D3,J2,UG,Single,Low,No
E0458,31,"84,161.00",6.00,48.00,2,6,3,Male,D1,J5,UG,Married,High,No
E0459,32,"74,930.00",29.00,57.00,30,8,5,Female,D4,J4,UG,Married,Low,Yes
E0460,55,"39,512.00",23.00,55.00,16,7,4,Female,D1,J5,PG,Single,Medium,Yes
E0461,35,"41,985.00",4.00,55.00,24,2,3,Female,D1,J4,PG,Single,High,Yes
E0462,34,"52,434.00",15.00,43.00,21,6,2,Female,D1,J6,UG,Married,High,No
E0463,58,"82,870.00",12.00,51.00,7,7,2,Female,D4,J6,PG,Single,Medium,No
E0464,29,"47,753.00",12.00,42.00,19,1,2,Male,D1,J5,PG,Single,High,No
E0465,31,"25,178.00",21.00,53.00,9,6,3,Female,D5,J6,UG,Married,Medium,No
E0466,33,"79,506.00",8.00,56.00,14,5,3,Female,D1,J1,UG,Single,Low,No
E0467,28,"38,813.00",8.00,40.00,12,10,2,Female,D3,J6,UG,Married,Low,Yes
E0468,47,"51,595.00",14.00,60.00,8,8,1,Female,D5,J1,PG,Married,Low,No
E0469,42,"31,563.00",28.00,48.00,10,8,1,Female,D2,J5,PG,Single,Low,Yes
E0470,29,"26,118.00",4.00,47.00,11,10,1,Female,D4,J3,PG,Single,Medium,Yes
E0471,36,"46,331.00",21.00,45.00,3,9,3,Female,D1,J6,UG,Single,Low,No
E0472,58,"44,176.00",13.00,52.00,26,1,1,Female,D1,J4,PG,Single,High,No
E0473,48,"44,735.00",7.00,53.00,28,9,3,Male,D4,J1,UG,Single,Low,No
E0474,26,"60,345.00",16.00,54.00,20,8,1,Male,D3,J6,UG,Married,Medium,Yes
E0475,28,"74,547.00",10.00,47.00,9,7,4,Male,D3,J5,PG,Single,Low,Yes
E0476,22,"71,185.00",5.00,41.00,17,3,5,Male,D4,J3,PG,Single,High,Yes
E0477,22,"55,242.00",25.00,43.00,22,7,4,Male,D3,J5,UG,Married,Medium,No
E0478,25,"36,972.00",10.00,41.00,24,9,1,Male,D1,J1,UG,Single,Medium,No
E0479,36,"57,420.00",15.00,46.00,25,6,4,Female,D1,J5,PG,Married,High,Yes
E0480,55,"84,075.00",15.00,48.00,30,7,3,Female,D5,J5,PG,Married,Low,Yes
E0481,32,"95,312.00",28.00,54.00,16,6,5,Male,D5,J5,UG,Single,Medium,Yes
E0482,48,"99,765.00",1.00,45.00,9,4,3,Female,D5,J2,PG,Married,Medium,No
E0483,43,"88,861.00",2.00,58.00,19,1,3,Female,D1,J5,PG,Single,High,No
E0484,33,"69,140.00",24.00,58.00,22,6,2,Male,D4,J1,PG,Married,High,No
E0485,60,"63,902.00",18.00,48.00,15,8,3,Male,D4,J3,PG,Married,Low,Yes
E0486,36,"81,804.00",22.00,46.00,15,6,5,Female,D2,J1,UG,Married,Low,No
E0487,43,"29,947.00",16.00,52.00,1,3,4,Male,D3,J6,PG,Married,High,No
E0488,31,"73,771.00",29.00,47.00,23,5,5,Male,D3,J5,UG,Single,High,Yes
E0489,51,"70,032.00",20.00,47.00,6,3,1,Male,D1,J4,PG,Married,Medium,Yes
E0490,45,"83,652.00",8.00,40.00,2,9,4,Male,D5,J2,UG,Married,High,Yes
E0491,26,"44,427.00",5.00,43.00,14,6,2,Female,D3,J6,PG,Single,Medium,Yes
E0492,31,"44,379.00",21.00,48.00,25,3,1,Male,D4,J2,UG,Single,High,Yes
E0493,31,"61,749.00",18.00,43.00,26,1,3,Female,D1,J6,PG,Single,Medium,No
E0494,22,"96,097.00",9.00,45.00,1,6,1,Male,D5,J1,PG,Single,High,Yes
E0495,27,"74,965.00",16.00,49.00,21,5,5,Male,D2,J5,PG,Single,Low,Yes
E0496,57,"29,862.00",27.00,59.00,24,6,4,Female,D2,J2,PG,Married,High,No
E0497,59,"89,355.00",4.00,49.00,16,5,1,Female,D2,J3,UG,Single,High,No
E0498,24,"99,434.00",30.00,60.00,17,8,4,Male,D2,J4,UG,Single,High,Yes
E0499,23,"72,496.00",2.00,57.00,11,9,2,Male,D3,J3,PG,Single,Low,Yes
E0500,35,"93,288.00",1.00,48.00,9,5,2,Female,D4,J3,UG,Single,Medium,Yes
E0501,28,"28,807.00",17.00,53.00,16,5,3,Male,D1,J5,PG,Single,High,Yes
E0502,50,"57,761.00",27.00,50.00,4,4,3,Male,D5,J1,UG,Married,Low,Yes
E0503,57,"64,438.00",14.00,56.00,12,7,3,Male,D4,J4,UG,Single,High,Yes
E0504,39,"42,576.00",11.00,57.00,18,3,2,Female,D1,J5,UG,Single,High,Yes
E0505,40,"89,417.00",21.00,41.00,20,2,4,Female,D2,J6,UG,Single,High,No
E0506,42,"29,005.00",7.00,57.00,4,7,4,Female,D5,J3,PG,Married,High,No
E0507,37,"68,534.00",25.00,55.00,14,3,2,Male,D5,J3,UG,Single,High,No
E0508,39,"63,436.00",29.00,42.00,12,10,1,Female,D4,J5,UG,Single,Medium,Yes
E0509,52,"76,383.00",5.00,43.00,24,5,4,Male,D1,J2,PG,Single,Low,No
E0510,44,"64,197.00",19.00,52.00,5,6,5,Female,D3,J2,UG,Married,Low,Yes
E0511,45,"60,255.00",8.00,43.00,19,7,1,Male,D1,J5,PG,Single,High,Yes
E0512,44,"28,191.00",4.00,49.00,24,6,4,Female,D2,J5,UG,Single,Low,Yes
E0513,41,"82,582.00",4.00,44.00,5,9,2,Male,D2,J2,UG,Married,Medium,No
E0514,53,"35,976.00",21.00,59.00,12,4,5,Female,D5,J5,UG,Single,High,No
E0515,35,"36,132.00",29.00,60.00,12,1,4,Female,D4,J5,PG,Married,High,Yes
E0516,42,"97,208.00",4.00,57.00,16,4,3,Male,D4,J1,PG,Single,High,No
E0517,58,"77,649.00",21.00,44.00,24,10,3,Female,D2,J2,PG,Single,Medium,No
E0518,47,"68,202.00",25.00,50.00,14,5,5,Female,D4,J6,UG,Married,High,Yes
E0519,29,"70,108.00",30.00,54.00,28,9,2,Female,D2,J1,UG,Married,Low,No
E0520,51,"37,596.00",10.00,58.00,7,9,4,Male,D2,J2,PG,Single,Low,Yes
E0521,46,"91,373.00",14.00,53.00,2,1,5,Female,D4,J2,UG,Married,Low,No
E0522,57,"26,581.00",6.00,56.00,27,4,4,Female,D1,J5,PG,Single,Medium,No
E0523,51,"58,629.00",21.00,50.00,24,9,3,Female,D1,J5,UG,Married,High,Yes
E0524,44,"44,312.00",5.00,47.00,7,8,3,Female,D2,J4,PG,Single,Medium,No
E0525,32,"45,377.00",28.00,54.00,30,6,5,Female,D5,J5,PG,Single,Medium,No
E0526,46,"29,338.00",7.00,44.00,7,1,4,Male,D4,J5,UG,Single,High,Yes
E0527,57,"45,048.00",11.00,42.00,26,4,5,Female,D3,J2,PG,Married,Low,No
E0528,43,"94,925.00",11.00,58.00,24,5,1,Female,D1,J4,UG,Married,High,No
E0529,43,"58,820.00",19.00,46.00,12,5,3,Male,D1,J5,PG,Married,Low,Yes
E0530,28,"82,317.00",10.00,58.00,19,6,1,Female,D5,J2,UG,Single,Low,No
E0531,58,"74,257.00",23.00,53.00,9,8,4,Male,D2,J3,UG,Single,Medium,Yes
E0532,36,"87,083.00",1.00,45.00,30,5,5,Male,D1,J2,UG,Single,Low,No
E0533,59,"36,613.00",13.00,48.00,14,1,5,Male,D4,J2,PG,Married,High,Yes
E0534,25,"56,234.00",16.00,41.00,18,7,1,Male,D4,J4,PG,Married,High,Yes
E0535,36,"72,919.00",23.00,48.00,15,6,2,Male,D2,J4,PG,Married,Medium,No
E0536,41,"58,802.00",2.00,53.00,16,4,4,Male,D3,J1,PG,Married,Low,No
E0537,34,"49,833.00",13.00,59.00,24,7,5,Female,D3,J6,PG,Married,High,No
E0538,48,"82,602.00",5.00,43.00,19,4,5,Female,D4,J1,UG,Single,Medium,Yes
E0539,52,"93,174.00",19.00,58.00,16,1,5,Female,D2,J5,UG,Married,High,No
E0540,40,"93,134.00",5.00,43.00,14,2,1,Female,D2,J2,UG,Single,Low,Yes
E0541,48,"73,821.00",26.00,43.00,28,6,3,Female,D5,J4,UG,Single,High,Yes
E0542,27,"94,995.00",26.00,56.00,29,5,5,Female,D1,J3,UG,Married,High,No
E0543,24,"83,881.00",8.00,52.00,8,4,3,Female,D1,J2,PG,Married,Low,Yes
E0544,45,"26,858.00",23.00,44.00,23,2,2,Female,D5,J2,UG,Single,Low,No
E0545,26,"90,305.00",20.00,48.00,29,7,3,Female,D3,J5,PG,Married,Low,No
E0546,29,"52,119.00",3.00,45.00,19,3,4,Male,D2,J5,UG,Married,Medium,Yes
E0547,50,"88,981.00",18.00,55.00,23,5,1,Female,D1,J2,UG,Married,Low,No
E0548,44,"51,216.00",22.00,45.00,30,6,3,Male,D2,J1,UG,Single,High,Yes
E0549,51,"75,043.00",1.00,42.00,22,8,5,Male,D3,J6,PG,Married,Low,Yes
E0550,48,"37,897.00",3.00,58.00,24,4,3,Male,D5,J4,PG,Single,Medium,Yes
E0551,45,"93,196.00",28.00,56.00,1,1,1,Male,D2,J2,PG,Married,Medium,Yes
E0552,27,"54,161.00",3.00,55.00,7,6,3,Female,D5,J6,PG,Single,Low,No
E0553,45,"76,610.00",11.00,43.00,19,9,4,Female,D1,J6,UG,Single,High,Yes
E0554,38,"78,687.00",18.00,53.00,16,4,4,Female,D2,J1,UG,Single,Low,No
E0555,43,"98,498.00",12.00,60.00,2,8,5,Female,D5,J4,PG,Single,High,Yes
E0556,39,"51,082.00",21.00,41.00,9,5,1,Male,D2,J2,UG,Single,High,Yes
E0557,26,"53,752.00",22.00,53.00,19,9,1,Female,D5,J1,UG,Single,High,No
E0558,26,"59,503.00",16.00,55.00,28,9,4,Male,D4,J1,UG,Married,Low,Yes
E0559,42,"83,053.00",22.00,55.00,16,4,1,Female,D2,J3,PG,Married,High,Yes
E0560,35,"78,102.00",20.00,60.00,26,10,3,Female,D5,J1,PG,Single,Medium,No
E0561,57,"46,207.00",28.00,49.00,11,4,3,Male,D5,J4,UG,Married,Medium,Yes
E0562,31,"31,642.00",7.00,41.00,7,2,1,Female,D5,J1,PG,Single,Low,No
E0563,45,"35,630.00",13.00,56.00,15,7,5,Female,D2,J1,PG,Single,High,Yes
E0564,57,"87,222.00",11.00,49.00,15,2,4,Male,D3,J1,PG,Married,Low,No
E0565,50,"53,668.00",21.00,45.00,15,10,1,Male,D5,J6,UG,Married,High,No
E0566,27,"87,571.00",25.00,44.00,6,5,1,Female,D5,J6,PG,Single,High,Yes
E0567,52,"78,182.00",6.00,49.00,2,1,3,Male,D2,J4,UG,Single,High,Yes
E0568,53,"43,843.00",4.00,40.00,11,8,2,Female,D5,J1,PG,Married,Low,Yes
E0569,38,"46,762.00",1.00,60.00,10,3,3,Female,D1,J1,PG,Single,High,No
E0570,56,"62,693.00",8.00,47.00,5,6,4,Male,D2,J5,UG,Single,Low,No
E0571,39,"88,985.00",26.00,44.00,29,3,1,Male,D3,J1,PG,Single,High,Yes
E0572,54,"40,134.00",27.00,50.00,6,5,3,Male,D1,J2,PG,Married,Low,Yes
E0573,51,"73,369.00",5.00,49.00,17,4,1,Female,D3,J3,UG,Married,High,No
E0574,44,"29,060.00",26.00,53.00,3,10,1,Female,D3,J4,UG,Married,Medium,Yes
E0575,57,"54,206.00",30.00,54.00,28,9,3,Male,D3,J2,UG,Single,Low,Yes
E0576,49,"61,317.00",9.00,60.00,22,10,1,Female,D1,J2,UG,Single,High,No
E0577,55,"64,814.00",20.00,46.00,15,3,1,Male,D3,J1,PG,Single,Low,No
E0578,47,"98,552.00",1.00,54.00,11,1,1,Male,D1,J5,UG,Single,Low,Yes
E0579,60,"73,318.00",29.00,53.00,23,7,4,Male,D1,J2,UG,Single,Low,Yes
E0580,45,"66,513.00",19.00,45.00,16,10,3,Male,D4,J3,PG,Single,Low,Yes
E0581,27,"38,288.00",12.00,59.00,7,8,1,Female,D2,J3,UG,Married,High,No
E0582,49,"85,866.00",23.00,51.00,30,1,3,Male,D4,J5,UG,Married,Medium,Yes
E0583,54,"51,924.00",5.00,48.00,30,5,1,Male,D4,J3,PG,Single,High,Yes
E0584,60,"97,435.00",7.00,52.00,23,6,5,Female,D5,J6,UG,Married,High,Yes
E0585,30,"34,746.00",22.00,45.00,3,9,1,Female,D3,J2,UG,Single,High,No
E0586,38,"38,806.00",15.00,55.00,11,4,5,Male,D4,J2,UG,Married,Low,Yes
E0587,53,"75,177.00",24.00,51.00,20,6,2,Male,D3,J1,UG,Single,High,No
E0588,51,"84,003.00",22.00,40.00,13,5,1,Female,D2,J3,UG,Married,Medium,Yes
E0589,40,"55,479.00",3.00,47.00,26,6,5,Female,D1,J1,PG,Single,High,No
E0590,26,"80,119.00",17.00,49.00,16,6,2,Female,D1,J1,PG,Single,Medium,Yes
E0591,54,"47,684.00",21.00,52.00,12,8,5,Male,D3,J5,UG,Married,Medium,No
E0592,48,"34,865.00",27.00,40.00,7,6,5,Male,D5,J2,UG,Single,Medium,Yes
E0593,33,"29,796.00",27.00,57.00,20,5,5,Male,D2,J3,UG,Married,High,Yes
E0594,55,"80,342.00",26.00,59.00,6,7,3,Female,D3,J6,PG,Married,Medium,Yes
E0595,29,"46,663.00",8.00,56.00,18,1,1,Male,D1,J6,UG,Single,Medium,Yes
E0596,52,"52,917.00",13.00,46.00,4,10,3,Female,D3,J2,PG,Married,Medium,No
E0597,44,"83,899.00",16.00,54.00,24,2,4,Female,D1,J4,UG,Married,High,No
E0598,30,"73,872.00",10.00,52.00,18,8,2,Male,D3,J4,UG,Married,Low,Yes
E0599,30,"78,837.00",18.00,51.00,21,4,4,Male,D1,J3,PG,Married,High,No
E0600,33,"74,004.00",20.00,46.00,17,6,3,Male,D5,J1,UG,Married,Low,No
E0601,27,"89,073.00",13.00,48.00,17,3,3,Male,D1,J4,UG,Married,Low,Yes
E0602,35,"90,753.00",16.00,49.00,28,6,3,Male,D5,J3,UG,Married,High,Yes
E0603,58,"70,077.00",23.00,41.00,23,7,1,Female,D1,J2,UG,Married,High,Yes
E0604,45,"97,880.00",20.00,42.00,19,8,4,Female,D2,J2,UG,Married,Low,Yes
E0605,50,"80,903.00",26.00,52.00,24,5,3,Female,D2,J1,PG,Single,Medium,Yes
E0606,45,"58,934.00",7.00,50.00,16,10,3,Female,D4,J2,PG,Single,High,No
E0607,41,"99,671.00",28.00,51.00,1,8,5,Female,D1,J3,PG,Married,Medium,Yes
E0608,58,"85,174.00",6.00,56.00,12,7,5,Female,D3,J1,UG,Single,Low,No
E0609,38,"50,120.00",23.00,43.00,2,1,4,Female,D1,J5,UG,Married,Medium,No
E0610,58,"33,136.00",5.00,56.00,2,6,5,Female,D1,J2,UG,Single,High,No
E0611,48,"33,788.00",25.00,42.00,23,4,2,Female,D4,J2,PG,Married,Low,No
E0612,44,"26,633.00",27.00,52.00,3,9,1,Male,D4,J1,UG,Married,Medium,No
E0613,30,"42,005.00",30.00,56.00,20,4,1,Male,D3,J6,UG,Married,Low,No
E0614,30,"39,431.00",6.00,40.00,17,4,3,Male,D3,J1,PG,Single,Medium,No
E0615,57,"50,477.00",11.00,54.00,20,1,5,Female,D4,J2,PG,Single,High,No
E0616,45,"84,892.00",12.00,44.00,21,1,5,Male,D5,J6,PG,Married,High,Yes
E0617,37,"45,097.00",1.00,51.00,26,8,3,Male,D3,J3,UG,Married,Medium,No
E0618,37,"78,064.00",15.00,59.00,9,6,2,Female,D5,J1,UG,Married,Low,Yes
E0619,34,"95,913.00",19.00,54.00,1,6,2,Female,D3,J5,UG,Single,Medium,Yes
E0620,57,"86,435.00",10.00,44.00,9,1,4,Female,D1,J5,PG,Single,High,Yes
E0621,60,"54,984.00",9.00,52.00,4,8,2,Female,D4,J1,PG,Married,Medium,No
E0622,26,"28,210.00",5.00,44.00,2,9,5,Male,D2,J3,PG,Single,High,No
E0623,38,"55,836.00",10.00,56.00,26,1,4,Female,D4,J4,UG,Married,High,Yes
E0624,57,"72,545.00",29.00,48.00,12,6,1,Male,D3,J5,PG,Single,High,Yes
E0625,57,"79,172.00",14.00,50.00,12,2,5,Male,D4,J5,UG,Single,High,No
E0626,42,"53,876.00",4.00,50.00,30,3,3,Female,D5,J4,PG,Married,High,Yes
E0627,34,"89,161.00",26.00,56.00,12,2,3,Female,D3,J3,PG,Single,High,Yes
E0628,60,"25,877.00",19.00,44.00,10,2,1,Female,D1,J2,PG,Married,High,Yes
E0629,55,"75,833.00",1.00,53.00,14,6,4,Male,D4,J1,PG,Married,Medium,Yes
E0630,52,"76,606.00",24.00,48.00,30,4,1,Female,D5,J2,PG,Single,High,Yes
E0631,26,"66,317.00",6.00,56.00,4,2,5,Female,D2,J5,PG,Married,Medium,No
E0632,23,"97,109.00",5.00,42.00,4,8,5,Female,D1,J2,UG,Married,High,No
E0633,31,"32,612.00",21.00,42.00,30,1,2,Female,D5,J6,UG,Married,Low,Yes
E0634,41,"66,653.00",2.00,60.00,9,9,4,Female,D1,J2,PG,Married,Medium,Yes
E0635,29,"92,349.00",21.00,58.00,27,4,4,Female,D1,J6,UG,Single,Low,No
E0636,32,"98,176.00",12.00,51.00,10,10,1,Female,D2,J2,PG,Married,High,No
E0637,22,"82,611.00",14.00,48.00,26,9,3,Male,D3,J6,PG,Single,Medium,No
E0638,33,"80,754.00",24.00,50.00,6,10,5,Male,D4,J3,UG,Single,Low,Yes
E0639,48,"73,460.00",21.00,50.00,15,1,2,Female,D5,J4,PG,Single,High,No
E0640,47,"74,595.00",18.00,57.00,1,3,2,Male,D2,J4,PG,Married,Low,Yes
E0641,28,"89,647.00",27.00,46.00,10,9,1,Female,D3,J2,PG,Married,Medium,Yes
E0642,50,"81,070.00",24.00,56.00,15,1,3,Female,D1,J1,PG,Married,Medium,Yes
E0643,40,"28,225.00",13.00,54.00,25,5,3,Female,D2,J5,UG,Single,Low,No
E0644,49,"37,504.00",26.00,52.00,29,4,4,Female,D1,J1,PG,Single,Low,No
E0645,24,"29,232.00",25.00,47.00,14,7,1,Female,D5,J2,PG,Single,Medium,Yes
E0646,30,"79,493.00",19.00,55.00,2,7,2,Female,D5,J1,PG,Married,High,Yes
E0647,29,"69,901.00",29.00,58.00,7,5,1,Male,D4,J5,UG,Married,High,No
E0648,27,"72,332.00",19.00,54.00,21,6,2,Male,D3,J6,PG,Married,Low,Yes
E0649,47,"90,469.00",14.00,48.00,30,10,2,Female,D3,J6,UG,Married,Low,No
E0650,43,"62,557.00",3.00,42.00,2,1,5,Female,D2,J6,PG,Married,Medium,Yes
E0651,60,"53,843.00",18.00,58.00,19,7,3,Female,D5,J5,PG,Single,High,No
E0652,33,"72,126.00",8.00,59.00,11,9,4,Male,D4,J4,UG,Single,High,Yes
E0653,41,"35,686.00",5.00,42.00,26,1,4,Female,D1,J3,UG,Married,Medium,Yes
E0654,57,"56,476.00",6.00,48.00,7,6,3,Male,D4,J2,PG,Single,High,No
E0655,60,"81,230.00",26.00,59.00,20,10,2,Female,D2,J5,UG,Married,Medium,Yes
E0656,35,"38,010.00",19.00,40.00,26,10,1,Male,D3,J2,UG,Married,Low,Yes
E0657,27,"87,007.00",13.00,44.00,8,2,5,Female,D2,J2,PG,Single,Low,Yes
E0658,24,"52,577.00",22.00,47.00,4,9,3,Female,D1,J1,PG,Single,Low,No
E0659,40,"53,250.00",9.00,56.00,11,8,4,Female,D1,J3,PG,Single,High,Yes
E0660,26,"67,924.00",28.00,53.00,26,10,2,Female,D4,J2,UG,Single,High,Yes
E0661,34,"84,079.00",24.00,44.00,6,6,5,Female,D2,J6,PG,Married,Low,Yes
E0662,38,"47,245.00",25.00,43.00,15,5,3,Female,D1,J1,UG,Single,Low,No
E0663,38,"82,097.00",3.00,54.00,23,7,2,Male,D1,J1,UG,Single,Medium,Yes
E0664,43,"70,948.00",18.00,60.00,20,4,3,Male,D1,J1,UG,Married,Low,Yes
E0665,42,"68,977.00",24.00,60.00,10,9,3,Male,D4,J4,UG,Married,Medium,Yes
E0666,25,"59,471.00",14.00,47.00,1,5,1,Female,D5,J6,PG,Married,High,Yes
E0667,43,"39,490.00",22.00,49.00,21,8,1,Male,D4,J3,PG,Married,High,Yes
E0668,54,"41,261.00",12.00,48.00,6,2,4,Male,D1,J5,UG,Married,High,Yes
E0669,49,"65,019.00",8.00,59.00,20,1,2,Male,D3,J4,UG,Married,Low,No
E0670,26,"83,919.00",11.00,49.00,14,2,1,Female,D4,J2,PG,Married,Low,Yes
E0671,35,"64,331.00",30.00,44.00,13,1,5,Female,D5,J4,UG,Single,Low,No
E0672,22,"65,238.00",14.00,47.00,17,4,2,Female,D2,J3,UG,Married,Low,No
E0673,34,"81,790.00",5.00,47.00,11,3,2,Male,D3,J1,UG,Married,Medium,No
E0674,49,"30,555.00",1.00,58.00,19,6,4,Female,D5,J1,PG,Single,Low,No
E0675,28,"94,234.00",24.00,60.00,6,3,1,Female,D3,J6,PG,Single,High,Yes
E0676,49,"96,159.00",19.00,50.00,5,4,2,Male,D3,J1,UG,Single,Medium,No
E0677,37,"28,860.00",12.00,52.00,23,7,2,Female,D2,J3,PG,Single,Low,No
E0678,59,"66,277.00",2.00,45.00,6,4,2,Female,D1,J3,PG,Single,Low,No
E0679,30,"74,043.00",4.00,53.00,1,8,3,Male,D4,J4,UG,Married,Low,No
E0680,55,"99,295.00",22.00,44.00,3,10,1,Male,D1,J2,PG,Single,Medium,Yes
E0681,41,"38,603.00",25.00,51.00,15,9,2,Male,D4,J5,PG,Married,High,Yes
E0682,43,"38,376.00",7.00,57.00,26,10,1,Female,D4,J2,PG,Married,High,No
E0683,46,"27,351.00",27.00,43.00,25,1,5,Female,D4,J1,PG,Single,Medium,No
E0684,36,"65,787.00",24.00,57.00,24,3,4,Female,D1,J2,PG,Single,Low,Yes
E0685,41,"36,966.00",24.00,52.00,9,3,3,Female,D2,J5,PG,Married,Medium,Yes
E0686,40,"97,945.00",24.00,52.00,26,1,2,Male,D3,J3,UG,Single,Low,Yes
E0687,38,"82,824.00",26.00,46.00,15,7,3,Male,D1,J5,PG,Single,Low,Yes
E0688,29,"90,876.00",13.00,56.00,15,5,1,Male,D5,J4,UG,Married,Low,Yes
E0689,51,"74,951.00",7.00,60.00,28,6,4,Male,D3,J4,UG,Married,Medium,No
E0690,45,"35,160.00",27.00,59.00,11,2,5,Male,D3,J6,PG,Single,Low,Yes
E0691,37,"99,738.00",21.00,41.00,2,2,3,Female,D3,J1,UG,Married,Low,Yes
E0692,35,"55,313.00",20.00,53.00,27,2,4,Male,D2,J2,PG,Married,Low,Yes
E0693,33,"90,675.00",3.00,52.00,24,4,4,Female,D4,J1,PG,Married,High,No
E0694,29,"38,186.00",30.00,50.00,16,6,4,Male,D5,J1,PG,Single,Low,No
E0695,34,"40,503.00",18.00,60.00,15,3,4,Male,D4,J6,UG,Single,Medium,Yes
E0696,38,"49,115.00",4.00,51.00,28,5,5,Male,D2,J2,UG,Married,Medium,No
E0697,38,"46,666.00",15.00,43.00,20,9,3,Male,D2,J3,PG,Married,Low,No
E0698,35,"57,322.00",23.00,53.00,22,7,2,Male,D1,J2,PG,Married,Low,Yes
E0699,26,"53,935.00",14.00,58.00,12,6,5,Male,D3,J1,PG,Married,Low,Yes
E0700,39,"28,517.00",14.00,60.00,25,10,4,Male,D1,J4,UG,Married,Low,Yes
E0701,46,"85,854.00",5.00,54.00,2,6,1,Male,D4,J3,PG,Single,High,Yes
E0702,38,"76,493.00",10.00,48.00,8,9,2,Female,D4,J3,UG,Single,Low,No
E0703,34,"26,789.00",13.00,60.00,8,6,5,Male,D5,J3,PG,Married,High,No
E0704,59,"62,354.00",24.00,52.00,14,5,3,Male,D1,J6,UG,Single,Medium,Yes
E0705,43,"80,559.00",14.00,45.00,17,1,4,Male,D3,J6,PG,Single,Low,No
E0706,25,"57,856.00",25.00,42.00,17,3,3,Female,D2,J4,PG,Single,High,No
E0707,59,"58,780.00",2.00,49.00,16,6,1,Male,D3,J6,PG,Married,Medium,No
E0708,52,"35,372.00",29.00,42.00,21,7,5,Female,D4,J4,UG,Married,Low,Yes
E0709,57,"48,509.00",23.00,57.00,13,10,4,Male,D3,J6,PG,Single,Low,No
E0710,52,"91,665.00",26.00,55.00,6,2,4,Female,D5,J2,UG,Married,High,Yes
E0711,31,"35,023.00",20.00,56.00,2,10,2,Female,D1,J6,PG,Single,Medium,Yes
E0712,54,"87,771.00",1.00,43.00,29,7,1,Male,D3,J4,PG,Married,Low,Yes
E0713,26,"80,862.00",13.00,43.00,30,9,2,Male,D5,J2,PG,Single,Low,Yes
E0714,23,"33,315.00",11.00,57.00,24,1,2,Female,D5,J1,PG,Married,High,Yes
E0715,59,"89,576.00",13.00,42.00,30,10,1,Male,D3,J4,UG,Married,Low,No
E0716,59,"39,289.00",21.00,55.00,28,6,2,Male,D2,J6,UG,Single,Medium,No
E0717,36,"71,783.00",3.00,41.00,19,4,3,Female,D2,J2,UG,Single,Medium,No
E0718,60,"31,569.00",13.00,52.00,17,9,5,Female,D4,J2,PG,Single,Medium,Yes
E0719,37,"87,310.00",5.00,44.00,7,1,2,Female,D4,J3,PG,Married,Medium,Yes
E0720,38,"31,230.00",10.00,53.00,26,7,4,Male,D3,J5,UG,Single,High,No
E0721,24,"99,332.00",11.00,44.00,22,10,3,Male,D5,J4,UG,Married,High,Yes
E0722,27,"47,889.00",9.00,47.00,15,5,1,Male,D3,J3,PG,Married,Medium,Yes
E0723,35,"31,238.00",7.00,46.00,24,2,4,Male,D5,J4,UG,Single,Low,Yes
E0724,48,"52,688.00",24.00,56.00,16,4,5,Male,D3,J3,UG,Married,Low,Yes
E0725,25,"59,223.00",21.00,53.00,11,4,3,Female,D5,J2,UG,Married,Low,Yes
E0726,30,"53,780.00",30.00,41.00,24,3,1,Male,D5,J1,PG,Married,Medium,Yes
E0727,47,"55,881.00",21.00,54.00,6,8,4,Male,D1,J2,UG,Single,Low,No
E0728,38,"68,676.00",18.00,57.00,19,6,2,Female,D2,J4,PG,Married,Medium,No
E0729,45,"61,282.00",11.00,50.00,15,6,3,Female,D2,J4,PG,Single,High,No
E0730,54,"81,492.00",7.00,59.00,16,6,4,Female,D1,J2,UG,Married,Medium,Yes
E0731,44,"47,398.00",15.00,49.00,6,5,4,Male,D5,J5,PG,Single,High,Yes
E0732,34,"50,707.00",3.00,54.00,21,7,2,Female,D5,J3,UG,Single,Low,No
E0733,25,"60,899.00",18.00,56.00,7,2,5,Female,D1,J5,UG,Single,Low,No
E0734,27,"86,256.00",20.00,46.00,19,4,2,Female,D4,J4,UG,Married,High,Yes
E0735,31,"36,946.00",27.00,57.00,12,4,3,Female,D1,J3,PG,Single,High,Yes
E0736,27,"80,321.00",1.00,51.00,24,6,1,Male,D1,J5,PG,Single,Medium,Yes
E0737,30,"92,276.00",16.00,59.00,2,2,2,Male,D3,J5,PG,Single,Low,Yes
E0738,45,"54,817.00",19.00,49.00,13,4,5,Male,D5,J3,PG,Single,Medium,No
E0739,57,"61,637.00",3.00,59.00,27,5,2,Male,D5,J6,UG,Married,High,Yes
E0740,28,"54,444.00",11.00,45.00,19,6,4,Male,D5,J6,PG,Married,Medium,No
E0741,45,"43,670.00",13.00,59.00,1,4,3,Male,D5,J5,PG,Single,Low,No
E0742,39,"45,196.00",3.00,40.00,29,8,1,Female,D5,J2,PG,Single,High,No
E0743,60,"78,126.00",6.00,58.00,9,8,5,Female,D4,J2,UG,Married,Medium,No
E0744,57,"57,630.00",10.00,46.00,29,5,4,Male,D3,J5,UG,Married,High,No
E0745,31,"37,714.00",15.00,58.00,28,6,2,Male,D3,J4,PG,Single,High,No
E0746,39,"93,223.00",23.00,46.00,26,3,1,Male,D5,J5,PG,Married,Medium,No
E0747,60,"49,536.00",25.00,43.00,26,7,4,Male,D4,J6,UG,Single,Medium,No
E0748,57,"93,036.00",4.00,46.00,9,8,2,Male,D4,J2,UG,Single,Medium,Yes
E0749,38,"84,893.00",5.00,52.00,25,5,5,Female,D3,J2,UG,Married,High,Yes
E0750,58,"40,558.00",27.00,47.00,24,9,2,Male,D1,J6,PG,Single,Low,Yes
E0751,55,"78,019.00",11.00,53.00,5,6,5,Male,D3,J6,UG,Married,Low,No
E0752,50,"93,527.00",22.00,45.00,16,4,2,Female,D3,J4,UG,Single,High,No
E0753,47,"52,722.00",24.00,59.00,24,9,2,Female,D2,J6,PG,Single,High,No
E0754,54,"71,088.00",30.00,58.00,1,6,5,Male,D4,J6,PG,Married,Low,Yes
E0755,55,"46,669.00",16.00,46.00,8,10,5,Male,D2,J6,PG,Single,High,Yes
E0756,34,"29,739.00",24.00,46.00,1,4,3,Male,D5,J5,UG,Married,Low,Yes
E0757,45,"60,796.00",13.00,57.00,17,10,1,Male,D3,J6,PG,Married,High,Yes
E0758,58,"59,830.00",28.00,49.00,18,9,5,Male,D4,J1,UG,Married,High,No
E0759,37,"43,377.00",27.00,44.00,6,7,2,Female,D1,J4,UG,Single,Medium,No
E0760,53,"30,931.00",9.00,57.00,9,1,1,Male,D5,J5,UG,Single,Medium,Yes
E0761,27,"29,930.00",19.00,52.00,11,6,2,Female,D5,J3,UG,Married,Low,Yes
E0762,49,"74,965.00",21.00,60.00,4,5,3,Male,D2,J4,UG,Single,Medium,Yes
E0763,46,"68,987.00",22.00,59.00,22,1,3,Male,D4,J6,UG,Single,Low,Yes
E0764,43,"71,819.00",10.00,41.00,27,1,3,Female,D2,J4,PG,Single,Low,Yes
E0765,60,"52,712.00",29.00,40.00,29,2,1,Female,D3,J2,PG,Single,High,Yes
E0766,30,"68,846.00",30.00,60.00,17,1,4,Male,D1,J3,PG,Single,Medium,Yes
E0767,33,"81,299.00",9.00,58.00,17,4,4,Female,D5,J4,PG,Married,High,Yes
E0768,34,"65,813.00",8.00,55.00,9,5,2,Female,D5,J5,PG,Married,Low,Yes
E0769,49,"96,517.00",19.00,52.00,21,2,2,Male,D1,J5,UG,Single,Low,No
E0770,48,"73,181.00",24.00,44.00,19,2,4,Male,D3,J4,PG,Married,High,No
E0771,28,"42,841.00",20.00,49.00,23,10,1,Male,D3,J1,UG,Married,High,Yes
E0772,58,"38,944.00",2.00,52.00,24,2,4,Female,D3,J4,UG,Single,High,No
E0773,43,"36,798.00",28.00,58.00,11,7,5,Male,D4,J2,PG,Single,Low,Yes
E0774,25,"45,586.00",2.00,60.00,1,10,5,Female,D2,J5,UG,Married,High,Yes
E0775,45,"27,034.00",21.00,47.00,19,3,3,Male,D5,J3,UG,Married,High,No
E0776,47,"53,679.00",20.00,51.00,21,1,3,Male,D1,J1,UG,Married,High,Yes
E0777,59,"91,858.00",30.00,57.00,16,2,5,Female,D1,J2,UG,Married,Medium,Yes
E0778,60,"79,201.00",25.00,51.00,6,4,2,Male,D1,J3,UG,Single,Low,Yes
E0779,35,"43,375.00",7.00,52.00,18,8,3,Female,D3,J1,UG,Single,Low,Yes
E0780,60,"46,174.00",22.00,42.00,3,10,2,Female,D5,J6,PG,Single,Low,Yes
E0781,23,"35,647.00",2.00,46.00,18,9,4,Female,D3,J5,PG,Married,Medium,Yes
E0782,41,"29,889.00",20.00,45.00,13,4,3,Male,D2,J4,UG,Single,Low,No
E0783,29,"63,107.00",12.00,48.00,11,7,2,Female,D2,J4,UG,Married,Medium,No
E0784,34,"26,327.00",5.00,59.00,24,2,4,Female,D3,J3,PG,Single,Low,No
E0785,49,"77,830.00",26.00,50.00,15,8,4,Female,D3,J2,PG,Single,High,No
E0786,55,"71,148.00",25.00,40.00,11,4,3,Male,D5,J5,PG,Single,Medium,Yes
E0787,29,"29,088.00",1.00,55.00,24,4,3,Male,D5,J5,PG,Married,Medium,No
E0788,24,"61,987.00",21.00,55.00,7,10,5,Female,D4,J2,PG,Single,Low,Yes
E0789,30,"79,409.00",9.00,49.00,16,2,5,Female,D5,J6,PG,Married,High,Yes
E0790,52,"25,092.00",22.00,50.00,24,5,4,Male,D3,J2,PG,Single,Low,Yes
E0791,22,"78,737.00",25.00,57.00,1,2,1,Female,D1,J1,PG,Single,High,No
E0792,32,"32,033.00",1.00,60.00,22,10,2,Male,D5,J6,PG,Single,Low,Yes
E0793,53,"27,315.00",25.00,45.00,19,10,1,Male,D2,J2,PG,Single,Low,No
E0794,49,"94,012.00",24.00,44.00,11,1,2,Female,D4,J3,UG,Single,Low,No
E0795,42,"52,201.00",1.00,55.00,18,1,4,Male,D3,J3,UG,Married,Medium,Yes
E0796,54,"98,824.00",8.00,57.00,29,8,5,Male,D5,J1,UG,Single,High,No
E0797,25,"67,106.00",15.00,45.00,27,8,5,Male,D3,J6,UG,Single,Medium,No
E0798,42,"57,864.00",22.00,56.00,2,6,5,Female,D5,J6,UG,Married,Low,Yes
E0799,44,"34,436.00",1.00,55.00,29,4,5,Male,D1,J1,UG,Single,High,Yes
E0800,37,"85,005.00",23.00,40.00,3,10,1,Female,D2,J4,PG,Married,Medium,No
E0801,28,"90,884.00",25.00,48.00,30,1,5,Male,D5,J4,UG,Married,Medium,Yes
E0802,46,"27,645.00",23.00,49.00,12,4,3,Male,D2,J6,UG,Married,Medium,No
E0803,59,"56,125.00",27.00,53.00,4,9,4,Female,D3,J5,PG,Single,Low,No
E0804,34,"75,611.00",18.00,59.00,22,1,1,Male,D2,J5,PG,Married,Low,Yes
E0805,36,"62,245.00",25.00,56.00,3,2,5,Male,D4,J1,UG,Married,Medium,Yes
E0806,39,"27,533.00",7.00,57.00,2,3,5,Female,D3,J5,PG,Single,Low,Yes
E0807,34,"59,435.00",17.00,56.00,11,1,5,Male,D2,J3,UG,Single,Low,Yes
E0808,55,"56,123.00",20.00,52.00,10,2,1,Female,D2,J2,UG,Single,Low,Yes
E0809,48,"53,711.00",2.00,48.00,26,7,4,Female,D5,J3,PG,Married,Low,Yes
E0810,31,"86,391.00",9.00,44.00,30,8,3,Female,D5,J4,UG,Married,High,No
E0811,38,"76,936.00",29.00,43.00,16,1,3,Female,D4,J1,PG,Single,Medium,No
E0812,38,"85,212.00",25.00,42.00,26,10,5,Male,D5,J2,PG,Single,High,No
E0813,36,"87,794.00",12.00,42.00,17,3,1,Male,D4,J6,UG,Married,High,Yes
E0814,58,"97,863.00",26.00,53.00,7,3,4,Female,D5,J4,PG,Single,Low,No
E0815,40,"37,266.00",27.00,40.00,13,3,4,Female,D5,J2,UG,Married,High,Yes
E0816,49,"76,345.00",28.00,56.00,20,9,2,Female,D1,J2,UG,Single,High,Yes
E0817,26,"50,494.00",15.00,51.00,25,9,2,Female,D1,J4,UG,Single,Low,No
E0818,53,"87,742.00",23.00,51.00,28,8,3,Female,D2,J4,UG,Single,Medium,Yes
E0819,54,"32,023.00",21.00,53.00,11,4,2,Male,D1,J6,PG,Single,Medium,Yes
E0820,58,"57,464.00",18.00,45.00,25,1,2,Male,D1,J6,UG,Single,Low,No
E0821,28,"32,076.00",21.00,48.00,22,3,5,Female,D2,J1,UG,Single,Low,No
E0822,30,"50,218.00",6.00,60.00,16,6,3,Male,D4,J2,UG,Married,Medium,Yes
E0823,36,"37,045.00",24.00,55.00,27,8,1,Male,D5,J6,PG,Single,Low,No
E0824,44,"56,694.00",27.00,44.00,15,5,5,Female,D2,J2,PG,Single,High,No
E0825,29,"97,405.00",18.00,47.00,28,1,3,Female,D2,J4,PG,Single,High,No
E0826,23,"34,569.00",15.00,40.00,9,5,4,Male,D3,J5,UG,Single,High,No
E0827,25,"90,192.00",19.00,49.00,22,6,4,Female,D4,J6,UG,Married,Low,No
E0828,35,"32,964.00",10.00,60.00,15,4,1,Male,D1,J2,UG,Married,High,Yes
E0829,38,"61,037.00",21.00,41.00,6,2,2,Male,D3,J2,PG,Single,High,Yes
E0830,42,"56,755.00",24.00,57.00,21,5,2,Female,D1,J4,PG,Single,High,No
E0831,44,"58,425.00",23.00,51.00,23,10,3,Male,D2,J4,PG,Married,Medium,No
E0832,56,"40,979.00",21.00,54.00,19,9,1,Female,D5,J1,UG,Married,High,No
E0833,46,"71,384.00",11.00,44.00,20,1,5,Male,D3,J2,PG,Married,Medium,Yes
E0834,54,"47,393.00",15.00,41.00,26,3,2,Female,D4,J1,PG,Single,Medium,Yes
E0835,47,"61,366.00",8.00,40.00,25,3,4,Female,D1,J3,PG,Married,High,No
E0836,38,"71,698.00",12.00,43.00,1,7,3,Male,D5,J5,PG,Married,High,No
E0837,56,"83,632.00",14.00,56.00,21,5,2,Male,D5,J2,PG,Single,Medium,Yes
E0838,35,"53,117.00",28.00,58.00,22,1,2,Female,D5,J5,UG,Single,Low,No
E0839,50,"36,929.00",18.00,50.00,25,8,3,Female,D1,J3,PG,Married,High,No
E0840,39,"97,721.00",1.00,57.00,21,2,3,Male,D2,J4,PG,Single,Medium,No
E0841,54,"77,575.00",28.00,60.00,28,7,2,Female,D1,J1,UG,Single,Medium,No
E0842,58,"26,699.00",19.00,59.00,6,7,3,Female,D2,J4,PG,Single,High,No
E0843,59,"59,421.00",13.00,45.00,26,3,3,Male,D2,J1,UG,Married,High,Yes
E0844,24,"82,169.00",17.00,53.00,28,6,2,Male,D4,J3,UG,Single,Medium,No
E0845,23,"33,879.00",3.00,53.00,6,10,2,Female,D3,J4,UG,Married,High,No
E0846,42,"55,171.00",24.00,57.00,2,4,2,Male,D2,J2,PG,Married,High,No
E0847,33,"81,624.00",2.00,42.00,21,10,1,Female,D4,J5,PG,Single,Low,No
E0848,53,"97,739.00",17.00,43.00,21,3,3,Female,D3,J3,UG,Single,Medium,Yes
E0849,51,"57,995.00",9.00,59.00,30,10,4,Male,D3,J1,UG,Married,Low,No
E0850,33,"45,083.00",16.00,49.00,30,1,4,Female,D5,J3,PG,Married,Low,No
E0851,22,"52,450.00",10.00,48.00,21,3,3,Male,D1,J1,PG,Single,Low,No
E0852,44,"72,726.00",21.00,55.00,20,3,5,Female,D5,J5,PG,Married,Low,No
E0853,37,"97,534.00",8.00,41.00,3,9,3,Male,D2,J6,UG,Single,Low,Yes
E0854,23,"30,100.00",14.00,47.00,7,7,3,Female,D3,J6,UG,Single,High,Yes
E0855,24,"45,751.00",11.00,44.00,13,5,3,Male,D2,J6,PG,Single,High,Yes
E0856,30,"34,322.00",11.00,45.00,29,9,4,Male,D3,J2,PG,Married,Medium,Yes
E0857,51,"40,232.00",14.00,40.00,20,6,5,Female,D5,J5,UG,Single,Medium,No
E0858,39,"28,633.00",28.00,56.00,9,2,4,Female,D4,J1,PG,Married,High,No
E0859,35,"78,483.00",23.00,46.00,13,5,3,Male,D2,J3,PG,Married,Medium,No
E0860,29,"93,187.00",24.00,58.00,22,1,2,Female,D3,J1,UG,Married,Low,Yes
E0861,44,"70,528.00",4.00,42.00,26,7,1,Male,D2,J2,UG,Single,Low,No
E0862,39,"76,027.00",12.00,48.00,8,7,1,Male,D1,J5,PG,Married,Low,Yes
E0863,45,"67,433.00",6.00,58.00,22,10,3,Male,D2,J2,PG,Married,Low,No
E0864,28,"66,211.00",13.00,49.00,9,1,4,Female,D1,J5,PG,Married,High,No
E0865,22,"98,651.00",16.00,48.00,5,6,1,Male,D4,J3,PG,Married,Medium,No
E0866,58,"88,009.00",16.00,40.00,27,2,5,Female,D2,J3,UG,Single,High,No
E0867,46,"53,525.00",9.00,41.00,19,8,4,Male,D1,J4,PG,Married,Low,No
E0868,38,"64,454.00",6.00,42.00,21,9,2,Female,D5,J6,PG,Single,Low,No
E0869,23,"80,325.00",26.00,48.00,5,10,5,Male,D2,J1,PG,Married,High,No
E0870,54,"92,367.00",13.00,40.00,24,5,4,Male,D2,J1,PG,Single,Medium,No
E0871,26,"38,369.00",8.00,40.00,24,5,1,Female,D1,J6,PG,Single,Medium,No
E0872,56,"29,870.00",12.00,47.00,2,4,2,Male,D4,J1,PG,Married,Low,Yes
E0873,34,"30,085.00",27.00,52.00,2,2,5,Female,D3,J2,PG,Single,High,Yes
E0874,37,"89,644.00",11.00,43.00,17,10,5,Male,D1,J5,PG,Married,High,No
E0875,53,"63,204.00",25.00,46.00,7,4,2,Male,D1,J6,PG,Single,Medium,No
E0876,31,"55,499.00",24.00,46.00,3,9,4,Female,D2,J3,PG,Married,High,Yes
E0877,26,"38,095.00",13.00,58.00,1,6,2,Female,D5,J6,PG,Married,High,No
E0878,31,"84,357.00",20.00,56.00,5,1,4,Female,D2,J4,UG,Married,Low,Yes
E0879,59,"45,319.00",6.00,44.00,13,5,2,Female,D4,J6,UG,Married,Low,No
E0880,46,"57,969.00",24.00,45.00,2,2,2,Female,D4,J6,UG,Married,Medium,Yes
E0881,22,"37,956.00",18.00,43.00,20,9,2,Female,D2,J5,PG,Married,Medium,Yes
E0882,23,"58,099.00",7.00,53.00,20,10,4,Female,D3,J1,UG,Single,Low,Yes
E0883,51,"31,080.00",8.00,45.00,5,9,2,Male,D5,J5,UG,Single,Low,Yes
E0884,26,"29,676.00",21.00,49.00,24,6,4,Female,D5,J4,UG,Married,Medium,Yes
E0885,26,"27,078.00",4.00,40.00,7,1,2,Male,D3,J2,UG,Married,Medium,No
E0886,46,"52,230.00",14.00,44.00,29,1,4,Female,D5,J5,UG,Single,Low,No
E0887,34,"63,977.00",27.00,56.00,7,2,2,Female,D2,J5,UG,Single,Low,Yes
E0888,33,"97,078.00",3.00,58.00,24,10,4,Female,D3,J3,UG,Married,Low,Yes
E0889,31,"33,490.00",3.00,59.00,1,7,4,Female,D4,J2,UG,Married,Medium,No
E0890,59,"96,574.00",1.00,41.00,19,1,3,Male,D5,J4,PG,Married,Medium,Yes
E0891,52,"99,615.00",18.00,49.00,19,3,3,Female,D3,J3,PG,Single,Medium,No
E0892,47,"81,748.00",17.00,45.00,15,1,2,Female,D5,J6,UG,Single,Medium,No
E0893,28,"41,077.00",18.00,60.00,26,4,4,Male,D5,J5,UG,Married,Low,Yes
E0894,56,"60,285.00",17.00,46.00,23,10,4,Female,D5,J3,PG,Single,High,No
E0895,27,"71,191.00",22.00,53.00,21,7,5,Male,D3,J3,PG,Single,Medium,No
E0896,27,"73,132.00",17.00,50.00,13,4,1,Female,D3,J1,PG,Married,High,No
E0897,24,"67,925.00",26.00,42.00,27,3,3,Male,D5,J6,PG,Single,High,Yes
E0898,45,"36,844.00",16.00,47.00,19,1,3,Female,D2,J3,PG,Single,High,Yes
E0899,39,"88,850.00",12.00,55.00,18,5,1,Male,D4,J2,PG,Single,High,Yes
E0900,55,"80,688.00",9.00,46.00,16,1,4,Male,D5,J4,UG,Married,Low,Yes
E0901,22,"30,518.00",14.00,47.00,2,8,4,Male,D3,J2,UG,Married,Low,No
E0902,23,"67,097.00",23.00,42.00,17,6,4,Female,D3,J4,PG,Married,Medium,Yes
E0903,52,"37,523.00",22.00,55.00,1,6,3,Male,D5,J1,PG,Single,Low,Yes
E0904,25,"46,481.00",7.00,43.00,15,1,4,Female,D2,J3,PG,Married,High,No
E0905,31,"38,223.00",9.00,44.00,11,3,1,Male,D1,J3,PG,Single,Low,Yes
E0906,39,"57,818.00",30.00,47.00,6,2,2,Female,D1,J2,UG,Married,Low,Yes
E0907,32,"85,099.00",5.00,47.00,11,10,4,Female,D2,J1,PG,Single,Low,No
E0908,39,"90,574.00",15.00,45.00,27,10,5,Male,D3,J2,PG,Married,Medium,No
E0909,52,"89,268.00",23.00,54.00,11,4,4,Female,D5,J1,PG,Single,Medium,Yes
E0910,41,"54,922.00",27.00,41.00,2,6,3,Male,D3,J4,UG,Married,High,No
E0911,29,"28,236.00",6.00,47.00,19,10,2,Female,D4,J3,PG,Single,High,Yes
E0912,57,"34,033.00",24.00,48.00,18,1,5,Male,D2,J1,UG,Single,Low,No
E0913,58,"41,010.00",15.00,44.00,7,5,2,Male,D1,J1,PG,Married,High,Yes
E0914,40,"40,022.00",27.00,58.00,8,4,5,Female,D4,J5,PG,Married,Medium,No
E0915,50,"89,649.00",20.00,53.00,6,7,2,Male,D3,J2,PG,Single,Medium,Yes
E0916,25,"69,304.00",13.00,54.00,15,1,5,Male,D5,J4,UG,Married,Low,Yes
E0917,55,"77,739.00",17.00,56.00,14,4,5,Female,D5,J1,UG,Married,High,Yes
E0918,23,"92,519.00",26.00,55.00,21,4,4,Female,D1,J2,UG,Single,Low,No
E0919,30,"58,370.00",2.00,50.00,6,5,3,Female,D2,J5,PG,Married,Low,No
E0920,42,"71,431.00",14.00,44.00,9,9,2,Female,D4,J3,UG,Married,Low,No
E0921,30,"44,344.00",7.00,40.00,11,10,3,Male,D2,J5,UG,Single,Low,No
E0922,29,"60,077.00",14.00,48.00,4,7,3,Male,D1,J4,PG,Single,Low,No
E0923,58,"42,556.00",26.00,57.00,15,1,5,Female,D4,J5,UG,Married,High,Yes
E0924,34,"48,786.00",7.00,57.00,2,5,1,Female,D4,J1,PG,Married,High,No
E0925,58,"65,407.00",22.00,45.00,1,2,3,Male,D3,J3,PG,Married,Low,No
E0926,31,"73,203.00",9.00,41.00,10,5,3,Male,D1,J1,UG,Single,Low,Yes
E0927,45,"97,781.00",12.00,55.00,2,6,1,Female,D1,J1,PG,Married,Medium,No
E0928,53,"78,125.00",9.00,55.00,3,10,3,Male,D5,J1,UG,Married,Medium,No
E0929,51,"83,149.00",10.00,53.00,30,3,2,Female,D5,J4,PG,Married,High,Yes
E0930,47,"81,898.00",5.00,50.00,8,10,3,Female,D1,J2,UG,Married,Low,No
E0931,59,"35,943.00",23.00,60.00,15,4,2,Female,D3,J6,UG,Married,High,Yes
E0932,40,"88,710.00",25.00,56.00,17,1,1,Male,D5,J4,UG,Married,Low,No
E0933,22,"36,853.00",9.00,41.00,6,1,2,Female,D2,J1,UG,Married,High,Yes
E0934,57,"57,388.00",14.00,48.00,8,6,3,Male,D4,J6,UG,Single,Low,Yes
E0935,50,"42,633.00",11.00,43.00,19,9,5,Male,D5,J2,UG,Married,Medium,No
E0936,28,"87,973.00",2.00,52.00,15,1,2,Male,D3,J1,PG,Single,High,Yes
E0937,38,"34,596.00",18.00,44.00,6,5,2,Male,D4,J5,UG,Married,Low,No
E0938,39,"31,693.00",26.00,52.00,11,3,3,Male,D3,J1,UG,Single,Low,No
E0939,27,"74,022.00",10.00,48.00,10,5,4,Male,D3,J4,PG,Single,Medium,Yes
E0940,40,"51,888.00",13.00,50.00,28,3,3,Female,D4,J6,UG,Married,Medium,No
E0941,27,"75,231.00",17.00,46.00,6,10,3,Male,D1,J5,UG,Single,Medium,Yes
E0942,44,"41,573.00",4.00,56.00,12,5,1,Female,D1,J5,UG,Single,High,Yes
E0943,34,"99,057.00",19.00,50.00,24,8,2,Male,D4,J2,PG,Married,Low,No
E0944,53,"25,781.00",9.00,46.00,4,9,4,Male,D4,J6,PG,Single,Low,Yes
E0945,30,"88,422.00",20.00,59.00,24,10,3,Male,D3,J3,PG,Single,Low,No
E0946,30,"59,916.00",19.00,57.00,2,1,3,Male,D5,J4,PG,Single,Medium,Yes
E0947,24,"69,973.00",9.00,43.00,21,1,5,Female,D5,J1,UG,Single,Low,No
E0948,51,"94,340.00",13.00,48.00,18,9,1,Male,D2,J6,PG,Married,Medium,No
E0949,50,"41,162.00",19.00,54.00,15,10,3,Female,D1,J1,UG,Married,Medium,No
E0950,33,"98,327.00",14.00,42.00,22,3,1,Male,D1,J3,PG,Single,Low,No
E0951,58,"48,779.00",9.00,40.00,22,2,2,Female,D4,J1,UG,Married,Medium,No
E0952,50,"65,259.00",10.00,59.00,11,7,3,Male,D2,J4,UG,Married,Low,No
E0953,59,"50,881.00",23.00,59.00,23,9,2,Male,D2,J6,UG,Married,Low,No
E0954,38,"60,770.00",8.00,59.00,6,10,5,Male,D2,J1,PG,Married,Low,No
E0955,44,"37,090.00",2.00,47.00,30,7,4,Male,D1,J5,UG,Married,High,Yes
E0956,52,"39,614.00",4.00,57.00,22,4,3,Male,D3,J5,UG,Married,Medium,Yes
E0957,39,"85,433.00",18.00,55.00,12,9,4,Female,D3,J3,UG,Married,High,No
E0958,56,"53,613.00",8.00,58.00,23,9,5,Male,D1,J1,UG,Single,High,No
E0959,57,"55,100.00",15.00,44.00,2,8,4,Male,D5,J4,PG,Married,High,Yes
E0960,40,"35,722.00",4.00,41.00,29,9,2,Female,D5,J6,PG,Married,Low,No
E0961,59,"86,154.00",20.00,43.00,1,6,3,Male,D3,J2,PG,Married,Low,Yes
E0962,34,"73,326.00",29.00,51.00,8,7,3,Female,D5,J2,UG,Married,Low,No
E0963,52,"40,855.00",23.00,56.00,23,4,1,Male,D3,J4,UG,Single,High,No
E0964,59,"39,013.00",9.00,52.00,18,9,3,Female,D3,J5,PG,Married,High,No
E0965,42,"75,515.00",25.00,45.00,3,6,3,Female,D3,J3,PG,Single,Medium,No
E0966,54,"80,555.00",22.00,46.00,24,3,2,Female,D1,J3,UG,Single,Low,Yes
E0967,55,"82,781.00",9.00,49.00,30,10,5,Female,D3,J6,PG,Single,Low,Yes
E0968,43,"95,183.00",26.00,41.00,20,4,1,Female,D1,J3,PG,Single,Low,No
E0969,43,"98,307.00",13.00,48.00,16,1,4,Female,D4,J2,PG,Single,Low,Yes
E0970,37,"87,811.00",18.00,40.00,25,6,1,Male,D5,J5,PG,Married,Medium,No
E0971,41,"52,593.00",22.00,42.00,7,2,2,Male,D1,J6,PG,Single,Low,Yes
E0972,46,"81,940.00",30.00,40.00,24,7,2,Male,D1,J1,PG,Single,Low,Yes
E0973,36,"30,746.00",11.00,49.00,9,6,5,Female,D3,J4,UG,Single,High,Yes
E0974,48,"45,675.00",21.00,59.00,8,9,5,Female,D3,J5,PG,Married,High,No
E0975,24,"39,577.00",25.00,41.00,9,4,4,Female,D1,J5,PG,Married,Medium,No
E0976,31,"61,516.00",19.00,50.00,9,1,2,Female,D4,J5,UG,Married,Medium,Yes
E0977,34,"29,924.00",22.00,52.00,14,4,4,Female,D5,J2,PG,Married,Low,No
E0978,40,"36,610.00",19.00,40.00,13,2,5,Female,D5,J6,UG,Married,Low,Yes
E0979,24,"94,103.00",4.00,43.00,3,1,3,Male,D2,J3,UG,Single,Low,No
E0980,60,"92,071.00",23.00,57.00,22,4,5,Male,D4,J3,UG,Married,High,Yes
E0981,22,"77,996.00",27.00,51.00,19,6,2,Female,D5,J2,UG,Single,Low,No
E0982,32,"30,862.00",8.00,60.00,3,2,1,Female,D1,J3,PG,Single,Low,No
E0983,28,"90,767.00",3.00,55.00,3,8,5,Female,D2,J6,PG,Single,Medium,Yes
E0984,39,"86,512.00",11.00,43.00,2,8,4,Male,D4,J4,UG,Married,High,No
E0985,37,"88,960.00",18.00,57.00,24,8,2,Female,D1,J5,PG,Married,High,No
E0986,42,"26,928.00",4.00,52.00,16,9,1,Female,D2,J1,UG,Single,Low,No
E0987,48,"38,156.00",23.00,47.00,18,8,4,Male,D3,J3,UG,Married,Medium,No
E0988,58,"56,901.00",18.00,59.00,14,2,3,Female,D2,J2,UG,Single,Low,Yes
E0989,42,"60,574.00",23.00,48.00,17,1,2,Female,D4,J5,PG,Single,High,Yes
E0990,40,"44,138.00",5.00,46.00,9,6,2,Male,D5,J1,PG,Married,Low,Yes
E0991,40,"56,458.00",29.00,59.00,13,4,1,Male,D4,J2,UG,Married,High,No
E0992,30,"30,583.00",27.00,45.00,29,3,2,Male,D1,J3,UG,Married,High,Yes
E0993,57,"98,950.00",10.00,40.00,4,10,2,Female,D3,J1,UG,Single,Medium,Yes
E0994,59,"97,664.00",22.00,48.00,30,1,3,Female,D5,J2,PG,Single,Low,No
E0995,45,"80,427.00",14.00,45.00,26,6,1,Male,D3,J3,PG,Single,Medium,Yes
E0996,33,"83,480.00",21.00,56.00,2,1,4,Male,D2,J1,PG,Married,Medium,No
E0997,22,"28,597.00",11.00,41.00,14,2,5,Male,D1,J1,PG,Married,Low,No
E0998,43,"37,728.00",26.00,54.00,16,1,5,Female,D1,J1,PG,Married,High,Yes
E0999,36,"54,452.00",2.00,59.00,6,10,2,Female,D4,J3,PG,Married,Low,No
E1000,26,"42,209.00",16.00,57.00,21,1,5,Male,D2,J2,UG,Single,High,Yes
,,,,,,,,,,,,,,
